question,worker,answer
0,0,1
0,1,1
0,2,1
0,3,0
0,4,1
0,5,1
0,6,1
0,7,0
0,8,1
0,9,1
0,164,1
0,165,1
0,166,1
0,167,1
0,168,1
1,0,0
1,1,0
1,2,0
1,3,0
1,4,0
1,5,1
1,6,0
1,7,0
1,8,1
1,9,1
2,0,1
2,1,0
2,2,1
2,3,0
2,4,0
2,5,0
2,6,1
2,7,1
2,8,1
2,9,1
2,164,1
2,165,1
2,166,1
2,167,1
2,168,1
3,0,1
3,1,1
3,2,1
3,3,1
3,4,1
3,5,0
3,6,1
3,7,1
3,8,1
3,9,1
4,0,1
4,1,0
4,2,0
4,3,0
4,4,1
4,5,0
4,6,0
4,7,1
4,8,1
4,9,0
5,0,1
5,1,1
5,2,1
5,3,1
5,4,1
5,5,1
5,6,1
5,7,1
5,8,1
5,9,1
6,0,0
6,1,0
6,2,0
6,3,0
6,4,0
6,5,0
6,6,0
6,7,1
6,8,1
6,9,1
7,0,1
7,1,0
7,2,1
7,3,1
7,4,1
7,5,1
7,6,1
7,7,1
7,8,1
7,9,0
7,164,1
7,165,1
7,166,1
7,167,1
7,168,1
8,0,1
8,1,0
8,2,0
8,3,0
8,4,0
8,5,1
8,6,1
8,7,1
8,8,1
8,9,1
9,0,1
9,1,1
9,2,1
9,3,1
9,4,1
9,5,1
9,6,1
9,7,0
9,8,1
9,9,1
10,0,0
10,1,0
10,2,1
10,3,0
10,4,0
10,5,1
10,6,0
10,7,1
10,8,0
10,9,0
11,0,0
11,1,0
11,2,0
11,3,0
11,4,0
11,5,0
11,6,0
11,7,1
11,8,1
11,9,0
12,0,1
12,1,1
12,2,1
12,3,1
12,4,1
12,5,0
12,6,1
12,7,1
12,8,1
12,9,1
13,0,0
13,1,0
13,2,0
13,3,0
13,4,0
13,5,0
13,6,0
13,7,1
13,8,1
13,9,0
14,0,0
14,1,0
14,2,0
14,3,0
14,4,0
14,5,0
14,6,0
14,7,1
14,8,0
14,9,1
15,0,1
15,1,1
15,2,1
15,3,1
15,4,1
15,5,1
15,6,1
15,7,1
15,8,0
15,9,0
16,0,1
16,1,1
16,2,1
16,3,1
16,4,1
16,5,0
16,6,1
16,7,1
16,8,1
16,9,1
17,0,1
17,1,1
17,2,0
17,3,1
17,4,1
17,5,1
17,6,1
17,7,1
17,8,1
17,9,1
17,164,1
17,165,1
17,166,1
17,167,1
17,168,1
18,0,0
18,1,0
18,2,0
18,3,0
18,4,0
18,5,1
18,6,0
18,7,1
18,8,1
18,9,1
19,0,1
19,1,1
19,2,0
19,3,0
19,4,0
19,5,1
19,6,0
19,7,1
19,8,0
19,9,1
20,3,0
20,8,1
20,9,1
20,10,0
20,11,0
20,12,0
20,13,0
20,14,0
20,15,1
20,16,0
21,3,0
21,8,1
21,9,1
21,10,0
21,11,0
21,12,0
21,13,1
21,14,0
21,15,0
21,16,0
22,3,1
22,8,1
22,9,1
22,10,0
22,11,1
22,12,0
22,13,1
22,14,0
22,15,0
22,16,1
22,164,1
22,165,1
22,166,1
22,167,1
22,168,1
23,3,0
23,8,0
23,9,1
23,10,0
23,11,0
23,12,0
23,13,0
23,14,0
23,15,1
23,16,0
24,3,0
24,8,1
24,9,1
24,10,0
24,11,0
24,12,0
24,13,0
24,14,0
24,15,1
24,16,1
25,3,1
25,8,1
25,9,1
25,10,1
25,11,1
25,12,0
25,13,0
25,14,1
25,15,0
25,16,1
26,3,0
26,8,1
26,9,1
26,10,0
26,11,0
26,12,0
26,13,0
26,14,0
26,15,1
26,16,0
27,3,0
27,8,1
27,9,1
27,10,0
27,11,0
27,12,0
27,13,0
27,14,0
27,15,0
27,16,0
28,3,0
28,8,0
28,9,1
28,10,0
28,11,0
28,12,0
28,13,0
28,14,0
28,15,1
28,16,0
29,3,1
29,8,1
29,9,0
29,10,1
29,11,1
29,12,0
29,13,1
29,14,1
29,15,1
29,16,0
29,164,0
29,165,0
29,166,0
29,167,0
29,168,0
30,3,0
30,8,1
30,9,1
30,10,0
30,11,0
30,12,0
30,13,0
30,14,0
30,15,0
30,16,1
31,3,1
31,8,1
31,9,1
31,10,0
31,11,0
31,12,0
31,13,0
31,14,1
31,15,0
31,16,1
31,164,1
31,165,1
31,166,1
31,167,1
31,168,1
32,3,1
32,8,1
32,9,1
32,10,1
32,11,1
32,12,1
32,13,1
32,14,1
32,15,1
32,16,1
33,3,1
33,8,1
33,9,1
33,10,1
33,11,1
33,12,1
33,13,1
33,14,1
33,15,1
33,16,1
34,3,0
34,8,1
34,9,1
34,10,0
34,11,0
34,12,0
34,13,0
34,14,0
34,15,0
34,16,0
35,3,0
35,8,1
35,9,1
35,10,0
35,11,0
35,12,0
35,13,1
35,14,0
35,15,0
35,16,0
36,3,1
36,8,1
36,9,1
36,10,1
36,11,0
36,12,0
36,13,1
36,14,1
36,15,0
36,16,1
36,164,1
36,165,1
36,166,1
36,167,1
36,168,1
37,3,0
37,8,1
37,9,1
37,10,0
37,11,0
37,12,0
37,13,0
37,14,0
37,15,1
37,16,0
38,3,0
38,8,1
38,9,1
38,10,1
38,11,0
38,12,1
38,13,1
38,14,1
38,15,0
38,16,1
39,3,1
39,8,1
39,9,1
39,10,1
39,11,1
39,12,1
39,13,1
39,14,1
39,15,1
39,16,1
40,1,0
40,3,0
40,5,0
40,8,1
40,9,0
40,17,1
40,18,1
40,19,1
40,20,0
40,21,1
40,164,1
40,165,1
40,166,1
40,167,1
40,168,1
41,1,0
41,3,0
41,5,1
41,8,1
41,9,1
41,17,1
41,18,1
41,19,0
41,20,0
41,21,1
41,164,1
41,165,1
41,166,1
41,167,1
41,168,1
42,1,0
42,3,0
42,5,0
42,8,0
42,9,1
42,17,1
42,18,0
42,19,0
42,20,1
42,21,0
43,1,0
43,3,1
43,5,1
43,8,1
43,9,1
43,17,1
43,18,1
43,19,0
43,20,1
43,21,1
43,164,1
43,165,1
43,166,1
43,167,1
43,168,1
44,1,0
44,3,1
44,5,1
44,8,0
44,9,1
44,17,1
44,18,1
44,19,0
44,20,1
44,21,1
44,164,1
44,165,1
44,166,1
44,167,1
44,168,1
45,1,0
45,3,1
45,5,0
45,8,1
45,9,0
45,17,0
45,18,1
45,19,1
45,20,0
45,21,0
45,164,1
45,165,1
45,166,1
45,167,1
45,168,1
46,1,0
46,3,0
46,5,0
46,8,1
46,9,1
46,17,1
46,18,1
46,19,0
46,20,0
46,21,1
46,164,1
46,165,1
46,166,1
46,167,1
46,168,1
47,1,1
47,3,1
47,5,1
47,8,1
47,9,1
47,17,1
47,18,1
47,19,1
47,20,1
47,21,1
47,164,0
47,165,0
47,166,0
47,167,0
47,168,0
48,1,1
48,3,1
48,5,0
48,8,1
48,9,1
48,17,1
48,18,1
48,19,1
48,20,1
48,21,1
48,164,1
48,165,1
48,166,1
48,167,1
48,168,1
49,1,1
49,3,1
49,5,1
49,8,1
49,9,1
49,17,1
49,18,1
49,19,1
49,20,0
49,21,1
49,164,1
49,165,1
49,166,1
49,167,1
49,168,1
50,1,0
50,3,1
50,5,1
50,8,1
50,9,1
50,17,1
50,18,1
50,19,1
50,20,0
50,21,0
50,164,1
50,165,1
50,166,1
50,167,1
50,168,1
51,1,1
51,3,1
51,5,0
51,8,0
51,9,0
51,17,1
51,18,1
51,19,1
51,20,1
51,21,1
51,164,1
51,165,1
51,166,1
51,167,1
51,168,1
52,1,1
52,3,1
52,5,1
52,8,1
52,9,1
52,17,0
52,18,1
52,19,0
52,20,1
52,21,1
52,164,1
52,165,1
52,166,1
52,167,1
52,168,1
53,1,0
53,3,0
53,5,0
53,8,1
53,9,1
53,17,1
53,18,0
53,19,0
53,20,0
53,21,0
54,1,0
54,3,0
54,5,1
54,8,1
54,9,1
54,17,0
54,18,1
54,19,0
54,20,1
54,21,0
55,1,1
55,3,0
55,5,1
55,8,1
55,9,0
55,17,1
55,18,1
55,19,1
55,20,1
55,21,1
55,164,1
55,165,1
55,166,1
55,167,1
55,168,1
56,1,1
56,3,1
56,5,1
56,8,1
56,9,1
56,17,1
56,18,1
56,19,1
56,20,1
56,21,1
56,164,0
56,165,0
56,166,0
56,167,0
56,168,0
57,1,1
57,3,1
57,5,1
57,8,1
57,9,1
57,17,1
57,18,1
57,19,1
57,20,0
57,21,1
57,164,1
57,165,1
57,166,1
57,167,1
57,168,1
58,1,1
58,3,0
58,5,0
58,8,1
58,9,1
58,17,1
58,18,1
58,19,0
58,20,0
58,21,1
58,164,1
58,165,1
58,166,1
58,167,1
58,168,1
59,1,0
59,3,1
59,5,1
59,8,1
59,9,1
59,17,1
59,18,1
59,19,0
59,20,0
59,21,1
59,164,1
59,165,1
59,166,1
59,167,1
59,168,1
60,5,0
60,7,1
60,8,1
60,9,1
60,22,1
60,23,1
60,24,0
60,25,0
60,26,1
60,27,1
61,5,1
61,7,1
61,8,1
61,9,0
61,22,0
61,23,1
61,24,1
61,25,1
61,26,1
61,27,1
62,5,0
62,7,1
62,8,1
62,9,1
62,22,0
62,23,0
62,24,0
62,25,0
62,26,0
62,27,0
63,5,0
63,7,1
63,8,1
63,9,1
63,22,0
63,23,0
63,24,0
63,25,0
63,26,1
63,27,0
64,5,0
64,7,1
64,8,1
64,9,1
64,22,0
64,23,0
64,24,0
64,25,1
64,26,0
64,27,0
65,5,1
65,7,1
65,8,1
65,9,1
65,22,1
65,23,1
65,24,1
65,25,1
65,26,1
65,27,1
66,5,0
66,7,1
66,8,1
66,9,0
66,22,0
66,23,0
66,24,0
66,25,0
66,26,0
66,27,0
67,5,1
67,7,0
67,8,1
67,9,1
67,22,0
67,23,1
67,24,1
67,25,0
67,26,1
67,27,1
68,5,0
68,7,1
68,8,1
68,9,0
68,22,0
68,23,0
68,24,0
68,25,0
68,26,0
68,27,0
69,5,1
69,7,1
69,8,1
69,9,1
69,22,0
69,23,1
69,24,1
69,25,1
69,26,1
69,27,1
70,5,0
70,7,1
70,8,1
70,9,0
70,22,0
70,23,0
70,24,0
70,25,0
70,26,0
70,27,0
71,5,1
71,7,0
71,8,1
71,9,0
71,22,0
71,23,0
71,24,0
71,25,0
71,26,0
71,27,0
72,5,0
72,7,1
72,8,1
72,9,1
72,22,0
72,23,0
72,24,0
72,25,0
72,26,0
72,27,0
73,5,1
73,7,1
73,8,1
73,9,1
73,22,1
73,23,0
73,24,0
73,25,0
73,26,0
73,27,0
74,5,1
74,7,1
74,8,1
74,9,1
74,22,1
74,23,0
74,24,1
74,25,1
74,26,1
74,27,1
75,5,1
75,7,1
75,8,1
75,9,1
75,22,0
75,23,1
75,24,1
75,25,1
75,26,1
75,27,1
76,5,1
76,7,1
76,8,1
76,9,1
76,22,0
76,23,0
76,24,0
76,25,0
76,26,0
76,27,0
77,5,0
77,7,1
77,8,1
77,9,1
77,22,1
77,23,1
77,24,1
77,25,1
77,26,1
77,27,1
78,5,1
78,7,1
78,8,1
78,9,1
78,22,1
78,23,0
78,24,0
78,25,0
78,26,0
78,27,0
79,5,0
79,7,1
79,8,1
79,9,1
79,22,1
79,23,1
79,24,1
79,25,1
79,26,1
79,27,1
80,1,1
80,5,1
80,6,1
80,7,1
80,8,1
80,9,1
80,10,1
80,15,0
80,28,0
80,29,0
80,164,1
80,165,1
80,166,1
80,167,1
80,168,1
81,1,0
81,5,1
81,6,1
81,7,1
81,8,1
81,9,0
81,10,0
81,15,1
81,28,0
81,29,0
82,1,0
82,5,1
82,6,0
82,7,1
82,8,1
82,9,1
82,10,0
82,15,0
82,28,1
82,29,0
83,1,0
83,5,1
83,6,0
83,7,1
83,8,1
83,9,1
83,10,0
83,15,0
83,28,0
83,29,0
84,1,1
84,5,1
84,6,1
84,7,1
84,8,0
84,9,1
84,10,1
84,15,1
84,28,1
84,29,1
85,1,1
85,5,0
85,6,1
85,7,0
85,8,0
85,9,1
85,10,1
85,15,1
85,28,1
85,29,1
86,1,0
86,5,1
86,6,0
86,7,1
86,8,1
86,9,0
86,10,0
86,15,1
86,28,0
86,29,0
87,1,1
87,5,0
87,6,0
87,7,1
87,8,0
87,9,0
87,10,0
87,15,1
87,28,0
87,29,0
88,1,1
88,5,1
88,6,1
88,7,1
88,8,1
88,9,1
88,10,1
88,15,1
88,28,1
88,29,1
89,1,1
89,5,1
89,6,1
89,7,1
89,8,1
89,9,0
89,10,1
89,15,1
89,28,1
89,29,1
90,1,1
90,5,0
90,6,0
90,7,0
90,8,1
90,9,1
90,10,1
90,15,0
90,28,1
90,29,1
90,164,0
90,165,0
90,166,0
90,167,0
90,168,0
91,1,0
91,5,0
91,6,0
91,7,1
91,8,1
91,9,0
91,10,0
91,15,0
91,28,0
91,29,0
92,1,1
92,5,0
92,6,0
92,7,1
92,8,0
92,9,1
92,10,0
92,15,1
92,28,0
92,29,0
93,1,1
93,5,0
93,6,1
93,7,1
93,8,1
93,9,0
93,10,1
93,15,1
93,28,1
93,29,1
94,1,1
94,5,1
94,6,1
94,7,0
94,8,0
94,9,0
94,10,1
94,15,0
94,28,0
94,29,0
94,164,1
94,165,1
94,166,1
94,167,1
94,168,1
95,1,1
95,5,1
95,6,1
95,7,1
95,8,1
95,9,1
95,10,1
95,15,1
95,28,1
95,29,1
96,1,0
96,5,1
96,6,0
96,7,0
96,8,1
96,9,1
96,10,0
96,15,1
96,28,0
96,29,0
97,1,0
97,5,1
97,6,0
97,7,1
97,8,1
97,9,1
97,10,0
97,15,0
97,28,0
97,29,0
98,1,0
98,5,0
98,6,0
98,7,0
98,8,1
98,9,1
98,10,0
98,15,1
98,28,0
98,29,0
99,1,1
99,5,1
99,6,1
99,7,1
99,8,0
99,9,1
99,10,1
99,15,1
99,28,1
99,29,1
100,1,1
100,5,1
100,7,1
100,8,1
100,9,0
100,15,1
100,30,1
100,31,1
100,32,1
100,33,1
101,1,0
101,5,1
101,7,1
101,8,1
101,9,1
101,15,0
101,30,0
101,31,0
101,32,0
101,33,0
102,1,1
102,5,1
102,7,1
102,8,0
102,9,1
102,15,1
102,30,1
102,31,1
102,32,1
102,33,1
103,1,0
103,5,1
103,7,1
103,8,1
103,9,0
103,15,1
103,30,0
103,31,0
103,32,0
103,33,0
104,1,1
104,5,0
104,7,1
104,8,1
104,9,1
104,15,1
104,30,1
104,31,1
104,32,1
104,33,1
105,1,0
105,5,1
105,7,1
105,8,1
105,9,1
105,15,1
105,30,0
105,31,0
105,32,0
105,33,0
106,1,0
106,5,0
106,7,1
106,8,0
106,9,1
106,15,0
106,30,0
106,31,1
106,32,0
106,33,0
107,1,0
107,5,0
107,6,0
107,8,0
107,9,1
107,34,0
107,35,0
107,36,0
107,37,0
107,38,0
108,1,0
108,5,0
108,6,0
108,8,1
108,9,1
108,34,0
108,35,0
108,36,0
108,37,0
108,38,0
109,1,1
109,5,0
109,6,1
109,8,0
109,9,0
109,34,1
109,35,0
109,36,0
109,37,1
109,38,1
110,1,1
110,5,1
110,6,1
110,8,1
110,9,1
110,34,1
110,35,1
110,36,1
110,37,1
110,38,1
111,1,1
111,5,0
111,6,1
111,8,1
111,9,0
111,34,1
111,35,1
111,36,1
111,37,1
111,38,1
112,1,1
112,5,1
112,6,1
112,8,1
112,9,1
112,34,1
112,35,1
112,36,1
112,37,1
112,38,1
113,1,1
113,5,1
113,6,1
113,8,1
113,9,1
113,34,1
113,35,1
113,36,1
113,37,1
113,38,1
114,1,0
114,5,0
114,6,1
114,8,0
114,9,1
114,34,0
114,35,0
114,36,0
114,37,0
114,38,0
115,1,0
115,5,0
115,6,0
115,8,1
115,9,0
115,34,0
115,35,0
115,36,0
115,37,0
115,38,1
116,1,1
116,5,1
116,6,1
116,8,0
116,9,1
116,34,1
116,35,0
116,36,1
116,37,1
116,38,1
117,1,1
117,5,1
117,6,1
117,8,1
117,9,1
117,34,1
117,35,1
117,36,1
117,37,1
117,38,1
118,1,0
118,5,0
118,6,0
118,8,1
118,9,0
118,34,0
118,35,0
118,36,0
118,37,0
118,38,1
119,1,0
119,5,0
119,6,0
119,8,1
119,9,1
119,34,0
119,35,0
119,36,0
119,37,0
119,38,1
120,1,0
120,5,0
120,6,0
120,8,0
120,9,1
120,34,0
120,35,0
120,36,0
120,37,0
120,38,0
121,1,1
121,5,1
121,6,1
121,8,1
121,9,1
121,34,1
121,35,1
121,36,0
121,37,0
121,38,1
122,1,0
122,5,1
122,6,1
122,8,1
122,9,1
122,34,0
122,35,0
122,36,1
122,37,0
122,38,1
122,164,1
122,165,1
122,166,1
122,167,1
122,168,1
123,1,0
123,5,0
123,6,0
123,8,1
123,9,0
123,34,0
123,35,0
123,36,0
123,37,0
123,38,0
124,1,0
124,5,0
124,6,0
124,8,1
124,9,1
124,34,0
124,35,0
124,36,0
124,37,0
124,38,0
125,1,0
125,5,1
125,6,0
125,8,1
125,9,1
125,34,0
125,35,0
125,36,0
125,37,0
125,38,0
126,1,0
126,5,0
126,6,1
126,8,1
126,9,1
126,34,0
126,35,0
126,36,1
126,37,0
126,38,1
126,164,1
126,165,1
126,166,1
126,167,1
126,168,1
127,5,1
127,7,1
127,8,1
127,9,1
127,14,0
127,20,0
127,39,1
127,40,1
127,41,0
127,42,1
128,5,1
128,7,1
128,8,1
128,9,1
128,14,0
128,20,0
128,39,0
128,40,0
128,41,0
128,42,0
129,5,0
129,7,1
129,8,1
129,9,1
129,14,0
129,20,0
129,39,0
129,40,0
129,41,0
129,42,1
130,5,1
130,7,1
130,8,1
130,9,1
130,14,1
130,20,1
130,39,1
130,40,1
130,41,1
130,42,1
131,5,1
131,7,1
131,8,1
131,9,1
131,14,0
131,20,0
131,39,1
131,40,1
131,41,1
131,42,1
132,5,1
132,7,1
132,8,1
132,9,1
132,14,1
132,20,1
132,39,1
132,40,1
132,41,1
132,42,1
133,5,0
133,7,1
133,8,1
133,9,0
133,14,1
133,20,1
133,39,1
133,40,1
133,41,1
133,42,1
134,5,0
134,7,0
134,8,1
134,9,1
134,14,0
134,20,0
134,39,0
134,40,0
134,41,0
134,42,0
135,5,1
135,7,1
135,8,1
135,9,1
135,14,1
135,20,1
135,39,1
135,40,1
135,41,1
135,42,1
136,5,1
136,7,1
136,8,1
136,9,1
136,14,1
136,20,1
136,39,1
136,40,1
136,41,1
136,42,1
137,5,1
137,7,1
137,8,1
137,9,1
137,14,0
137,20,0
137,39,1
137,40,1
137,41,1
137,42,1
138,5,1
138,7,1
138,8,1
138,9,1
138,14,0
138,20,0
138,39,0
138,40,0
138,41,0
138,42,0
139,5,0
139,7,1
139,8,1
139,9,1
139,14,0
139,20,1
139,39,0
139,40,0
139,41,0
139,42,0
140,5,0
140,7,1
140,8,1
140,9,1
140,14,0
140,20,0
140,39,0
140,40,0
140,41,0
140,42,0
141,5,0
141,7,1
141,8,1
141,9,1
141,14,0
141,20,0
141,39,0
141,40,0
141,41,0
141,42,0
142,5,1
142,7,1
142,8,1
142,9,0
142,14,1
142,20,1
142,39,1
142,40,1
142,41,1
142,42,1
143,5,1
143,7,1
143,8,1
143,9,1
143,14,1
143,20,0
143,39,1
143,40,0
143,41,1
143,42,1
144,5,0
144,7,1
144,8,1
144,9,1
144,14,0
144,20,0
144,39,0
144,40,0
144,41,0
144,42,0
145,5,1
145,7,1
145,8,1
145,9,0
145,14,1
145,20,1
145,39,1
145,40,1
145,41,0
145,42,1
146,5,0
146,7,1
146,8,1
146,9,1
146,14,1
146,20,0
146,39,0
146,40,0
146,41,0
146,42,1
147,1,0
147,5,1
147,7,1
147,8,1
147,9,0
147,15,1
147,23,0
147,43,1
147,44,1
147,45,0
147,164,1
147,165,1
147,166,1
147,167,1
147,168,1
148,1,0
148,5,0
148,7,0
148,8,1
148,9,1
148,15,1
148,23,0
148,43,1
148,44,1
148,45,1
148,164,1
148,165,1
148,166,1
148,167,1
148,168,1
149,1,0
149,5,1
149,7,0
149,8,1
149,9,1
149,15,1
149,23,0
149,43,0
149,44,0
149,45,0
150,1,0
150,5,1
150,7,0
150,8,1
150,9,0
150,15,1
150,23,0
150,43,0
150,44,0
150,45,0
151,1,1
151,5,0
151,7,1
151,8,1
151,9,1
151,15,1
151,23,0
151,43,1
151,44,1
151,45,0
151,164,1
151,165,1
151,166,1
151,167,1
151,168,1
152,1,1
152,5,1
152,7,1
152,8,1
152,9,1
152,15,0
152,23,0
152,43,1
152,44,1
152,45,0
152,164,1
152,165,1
152,166,1
152,167,1
152,168,1
153,1,1
153,5,1
153,7,0
153,8,1
153,9,1
153,15,0
153,23,1
153,43,1
153,44,1
153,45,1
154,1,0
154,5,1
154,7,0
154,8,1
154,9,1
154,15,1
154,23,1
154,43,1
154,44,1
154,45,1
154,164,1
154,165,1
154,166,1
154,167,1
154,168,1
155,1,0
155,5,1
155,7,0
155,8,1
155,9,1
155,15,0
155,23,0
155,43,1
155,44,0
155,45,0
156,1,0
156,5,1
156,7,1
156,8,1
156,9,1
156,15,0
156,23,0
156,43,0
156,44,0
156,45,0
157,1,1
157,5,1
157,7,1
157,8,1
157,9,1
157,15,1
157,23,0
157,43,1
157,44,1
157,45,1
157,164,1
157,165,1
157,166,1
157,167,1
157,168,1
158,1,1
158,5,1
158,7,0
158,8,1
158,9,1
158,15,1
158,23,1
158,43,1
158,44,1
158,45,1
159,1,1
159,5,1
159,7,0
159,8,1
159,9,1
159,15,0
159,23,0
159,43,0
159,44,1
159,45,0
159,164,1
159,165,1
159,166,1
159,167,1
159,168,1
160,1,1
160,5,1
160,7,1
160,8,0
160,9,0
160,15,0
160,23,1
160,43,1
160,44,0
160,45,1
160,164,1
160,165,1
160,166,1
160,167,1
160,168,1
161,1,1
161,5,1
161,7,1
161,8,1
161,9,1
161,15,1
161,23,1
161,43,1
161,44,1
161,45,1
162,1,0
162,5,1
162,7,0
162,8,1
162,9,0
162,15,1
162,23,0
162,43,0
162,44,0
162,45,1
163,1,1
163,5,1
163,7,1
163,8,1
163,9,1
163,15,1
163,23,1
163,43,1
163,44,0
163,45,1
163,164,1
163,165,1
163,166,1
163,167,1
163,168,1
164,1,1
164,5,1
164,7,0
164,8,1
164,9,1
164,15,0
164,23,1
164,43,1
164,44,1
164,45,1
165,1,0
165,5,0
165,7,0
165,8,1
165,9,1
165,15,1
165,23,0
165,43,1
165,44,0
165,45,1
165,164,1
165,165,1
165,166,1
165,167,1
165,168,1
166,1,1
166,5,1
166,7,1
166,8,1
166,9,0
166,15,0
166,23,1
166,43,1
166,44,1
166,45,1
167,1,0
167,5,1
167,7,1
167,8,1
167,9,1
167,14,0
167,46,0
167,47,0
167,48,1
167,49,0
168,1,1
168,5,0
168,7,1
168,8,1
168,9,1
168,14,0
168,46,0
168,47,0
168,48,1
168,49,0
169,1,0
169,5,1
169,7,0
169,8,1
169,9,1
169,14,0
169,46,0
169,47,0
169,48,1
169,49,0
170,1,0
170,5,1
170,7,1
170,8,1
170,9,1
170,14,0
170,46,0
170,47,1
170,48,1
170,49,0
170,164,0
170,165,0
170,166,0
170,167,0
170,168,0
171,1,0
171,5,1
171,7,1
171,8,1
171,9,1
171,14,1
171,46,0
171,47,1
171,48,1
171,49,1
171,164,1
171,165,1
171,166,1
171,167,1
171,168,1
172,1,1
172,5,1
172,7,1
172,8,1
172,9,1
172,14,0
172,46,0
172,47,1
172,48,1
172,49,0
172,164,1
172,165,1
172,166,1
172,167,1
172,168,1
173,1,0
173,5,1
173,7,1
173,8,1
173,9,1
173,14,0
173,46,0
173,47,0
173,48,1
173,49,0
174,1,1
174,5,1
174,7,1
174,8,1
174,9,1
174,14,0
174,46,1
174,47,1
174,48,1
174,49,1
174,164,1
174,165,1
174,166,1
174,167,1
174,168,1
175,1,0
175,5,1
175,7,1
175,8,0
175,9,1
175,14,0
175,46,1
175,47,0
175,48,0
175,49,0
176,1,1
176,5,1
176,7,1
176,8,1
176,9,1
176,14,1
176,46,1
176,47,1
176,48,1
176,49,1
177,1,0
177,5,0
177,7,1
177,8,1
177,9,1
177,14,0
177,46,0
177,47,0
177,48,0
177,49,1
178,1,1
178,5,0
178,7,1
178,8,0
178,9,1
178,14,1
178,46,0
178,47,1
178,48,1
178,49,0
178,164,1
178,165,1
178,166,1
178,167,1
178,168,1
179,1,0
179,5,1
179,7,1
179,8,0
179,9,1
179,14,0
179,46,0
179,47,0
179,48,1
179,49,0
180,1,0
180,5,0
180,7,1
180,8,1
180,9,1
180,14,0
180,46,0
180,47,0
180,48,1
180,49,0
181,1,0
181,5,0
181,7,1
181,8,0
181,9,1
181,14,0
181,46,0
181,47,0
181,48,1
181,49,0
182,1,1
182,5,1
182,7,1
182,8,1
182,9,0
182,14,0
182,46,1
182,47,1
182,48,1
182,49,1
182,164,1
182,165,1
182,166,1
182,167,1
182,168,1
183,1,1
183,5,1
183,7,1
183,8,1
183,9,0
183,14,1
183,46,1
183,47,1
183,48,1
183,49,1
184,1,0
184,5,1
184,7,1
184,8,1
184,9,1
184,14,0
184,46,0
184,47,0
184,48,1
184,49,0
185,1,0
185,5,0
185,7,1
185,8,1
185,9,1
185,14,1
185,46,0
185,47,1
185,48,1
185,49,0
185,164,1
185,165,1
185,166,1
185,167,1
185,168,1
186,1,1
186,5,1
186,7,0
186,8,1
186,9,0
186,14,1
186,46,1
186,47,1
186,48,1
186,49,1
187,5,1
187,7,0
187,8,1
187,9,1
187,10,0
187,15,1
187,50,0
187,51,1
187,52,0
187,53,0
188,5,0
188,7,0
188,8,1
188,9,1
188,10,1
188,15,1
188,50,1
188,51,1
188,52,1
188,53,1
189,5,0
189,7,1
189,8,0
189,9,0
189,10,0
189,15,0
189,50,0
189,51,0
189,52,0
189,53,0
190,5,1
190,7,0
190,8,1
190,9,1
190,10,1
190,15,0
190,50,1
190,51,1
190,52,1
190,53,1
191,5,1
191,7,1
191,8,1
191,9,1
191,10,1
191,15,1
191,50,1
191,51,1
191,52,1
191,53,1
192,5,1
192,7,1
192,8,1
192,9,1
192,10,1
192,15,1
192,50,1
192,51,1
192,52,1
192,53,1
193,5,1
193,7,1
193,8,1
193,9,1
193,10,0
193,15,1
193,50,0
193,51,0
193,52,0
193,53,0
194,5,1
194,7,1
194,8,1
194,9,1
194,10,1
194,15,0
194,50,0
194,51,0
194,52,0
194,53,0
195,5,1
195,7,1
195,8,0
195,9,0
195,10,1
195,15,1
195,50,0
195,51,1
195,52,0
195,53,0
195,164,1
195,165,1
195,166,1
195,167,1
195,168,1
196,5,1
196,7,1
196,8,0
196,9,1
196,10,1
196,15,0
196,50,0
196,51,1
196,52,1
196,53,1
196,164,1
196,165,1
196,166,1
196,167,1
196,168,1
197,5,1
197,7,1
197,8,0
197,9,1
197,10,1
197,15,1
197,50,1
197,51,1
197,52,1
197,53,1
198,5,1
198,7,1
198,8,1
198,9,1
198,10,1
198,15,1
198,50,1
198,51,1
198,52,1
198,53,1
199,5,1
199,7,1
199,8,0
199,9,1
199,10,0
199,15,1
199,50,0
199,51,0
199,52,0
199,53,0
200,5,1
200,7,0
200,8,1
200,9,1
200,10,1
200,15,0
200,50,0
200,51,0
200,52,1
200,53,1
200,164,1
200,165,1
200,166,1
200,167,1
200,168,1
201,5,1
201,7,0
201,8,1
201,9,1
201,10,1
201,15,1
201,50,0
201,51,1
201,52,1
201,53,1
201,164,0
201,165,0
201,166,0
201,167,0
201,168,0
202,5,1
202,7,1
202,8,1
202,9,1
202,10,0
202,15,1
202,50,0
202,51,0
202,52,0
202,53,0
203,5,1
203,7,0
203,8,0
203,9,0
203,10,0
203,15,1
203,50,1
203,51,1
203,52,1
203,53,0
203,164,1
203,165,1
203,166,1
203,167,1
203,168,1
204,5,1
204,7,1
204,8,1
204,9,1
204,10,1
204,15,0
204,50,1
204,51,1
204,52,1
204,53,1
205,5,0
205,7,1
205,8,1
205,9,1
205,10,1
205,15,1
205,50,1
205,51,1
205,52,1
205,53,1
206,5,1
206,7,1
206,8,1
206,9,0
206,10,1
206,15,0
206,50,0
206,51,1
206,52,1
206,53,1
206,164,1
206,165,1
206,166,1
206,167,1
206,168,1
207,7,1
207,8,1
207,9,0
207,20,0
207,54,1
207,55,1
207,56,1
207,57,1
207,58,1
207,59,1
208,3,0
208,7,1
208,8,1
208,9,1
208,53,0
208,60,0
208,61,0
208,62,0
208,63,0
208,64,0
209,3,1
209,7,1
209,8,1
209,9,1
209,53,1
209,60,0
209,61,1
209,62,0
209,63,1
209,64,1
210,3,0
210,7,1
210,8,1
210,9,0
210,53,0
210,60,1
210,61,0
210,62,0
210,63,0
210,64,0
211,3,1
211,5,1
211,8,1
211,9,1
211,65,1
211,66,0
211,67,0
211,68,1
211,69,1
211,70,1
212,3,1
212,5,1
212,8,1
212,9,1
212,65,1
212,66,1
212,67,1
212,68,1
212,69,0
212,70,1
213,3,1
213,5,1
213,8,1
213,9,1
213,65,1
213,66,1
213,67,0
213,68,0
213,69,0
213,70,1
214,3,1
214,5,0
214,8,1
214,9,1
214,65,1
214,66,1
214,67,1
214,68,1
214,69,1
214,70,1
215,3,0
215,5,0
215,8,1
215,9,0
215,65,0
215,66,0
215,67,0
215,68,1
215,69,0
215,70,0
216,3,0
216,5,0
216,8,1
216,9,0
216,65,0
216,66,0
216,67,0
216,68,1
216,69,0
216,70,0
217,3,1
217,5,1
217,8,1
217,9,1
217,65,1
217,66,1
217,67,1
217,68,1
217,69,1
217,70,1
218,3,1
218,5,1
218,8,1
218,9,1
218,65,1
218,66,1
218,67,1
218,68,1
218,69,1
218,70,1
219,3,1
219,5,0
219,8,1
219,9,0
219,65,1
219,66,1
219,67,0
219,68,0
219,69,1
219,70,1
220,3,1
220,5,1
220,8,1
220,9,0
220,65,1
220,66,1
220,67,1
220,68,1
220,69,1
220,70,1
221,3,0
221,5,1
221,8,1
221,9,1
221,65,0
221,66,0
221,67,0
221,68,0
221,69,0
221,70,0
222,3,1
222,5,0
222,8,1
222,9,1
222,65,0
222,66,0
222,67,0
222,68,1
222,69,0
222,70,0
223,3,1
223,5,1
223,8,0
223,9,1
223,65,1
223,66,1
223,67,1
223,68,1
223,69,0
223,70,1
224,3,0
224,5,1
224,8,0
224,9,1
224,65,0
224,66,0
224,67,0
224,68,0
224,69,0
224,70,0
225,3,1
225,5,1
225,8,0
225,9,1
225,65,1
225,66,1
225,67,1
225,68,1
225,69,1
225,70,1
226,3,0
226,5,0
226,8,1
226,9,1
226,65,0
226,66,0
226,67,0
226,68,0
226,69,0
226,70,0
227,3,1
227,5,1
227,8,1
227,9,1
227,65,1
227,66,1
227,67,1
227,68,1
227,69,1
227,70,1
228,3,0
228,5,0
228,8,1
228,9,1
228,65,0
228,66,0
228,67,0
228,68,0
228,69,0
228,70,0
229,3,0
229,5,0
229,8,1
229,9,0
229,65,0
229,66,0
229,67,0
229,68,1
229,69,0
229,70,0
230,3,0
230,5,0
230,8,1
230,9,1
230,65,0
230,66,0
230,67,0
230,68,0
230,69,0
230,70,0
231,1,0
231,3,0
231,5,0
231,8,1
231,9,1
231,15,1
231,71,0
231,72,0
231,73,1
231,74,0
232,1,1
232,3,1
232,5,0
232,8,1
232,9,1
232,15,1
232,71,1
232,72,1
232,73,1
232,74,1
233,1,1
233,3,1
233,5,1
233,8,1
233,9,1
233,15,1
233,71,1
233,72,1
233,73,1
233,74,0
233,164,1
233,165,1
233,166,1
233,167,1
233,168,1
234,1,0
234,3,0
234,5,0
234,8,1
234,9,0
234,15,0
234,71,1
234,72,1
234,73,0
234,74,0
235,1,0
235,3,0
235,5,0
235,8,1
235,9,0
235,15,0
235,71,1
235,72,1
235,73,0
235,74,0
236,1,0
236,3,0
236,5,1
236,8,1
236,9,1
236,15,1
236,71,0
236,72,0
236,73,0
236,74,0
237,1,1
237,3,1
237,5,1
237,8,0
237,9,1
237,15,1
237,71,1
237,72,0
237,73,1
237,74,1
237,164,0
237,165,0
237,166,0
237,167,0
237,168,0
238,1,1
238,3,1
238,5,1
238,8,1
238,9,1
238,15,1
238,71,1
238,72,1
238,73,1
238,74,1
239,1,1
239,3,1
239,5,1
239,8,1
239,9,1
239,15,1
239,71,1
239,72,1
239,73,0
239,74,1
239,164,0
239,165,0
239,166,0
239,167,0
239,168,0
240,1,0
240,3,0
240,5,0
240,8,1
240,9,0
240,15,0
240,71,0
240,72,0
240,73,0
240,74,0
241,1,0
241,3,0
241,5,0
241,8,0
241,9,1
241,15,0
241,71,0
241,72,0
241,73,0
241,74,0
242,1,0
242,3,0
242,5,0
242,8,1
242,9,1
242,15,1
242,71,0
242,72,0
242,73,0
242,74,0
243,1,1
243,3,1
243,5,1
243,8,1
243,9,0
243,15,1
243,71,1
243,72,1
243,73,1
243,74,1
244,1,1
244,3,1
244,5,1
244,8,1
244,9,1
244,15,1
244,71,1
244,72,1
244,73,1
244,74,1
245,1,0
245,3,1
245,5,1
245,8,1
245,9,1
245,15,1
245,71,1
245,72,1
245,73,0
245,74,1
245,164,1
245,165,1
245,166,1
245,167,1
245,168,1
246,1,1
246,3,1
246,5,1
246,8,0
246,9,1
246,15,0
246,71,1
246,72,1
246,73,1
246,74,1
247,1,0
247,3,0
247,5,0
247,8,1
247,9,1
247,15,1
247,71,0
247,72,0
247,73,0
247,74,0
248,1,0
248,3,0
248,5,0
248,8,1
248,9,1
248,15,1
248,71,1
248,72,1
248,73,0
248,74,1
248,164,1
248,165,1
248,166,1
248,167,1
248,168,1
249,1,0
249,3,1
249,5,0
249,8,1
249,9,1
249,15,0
249,71,1
249,72,1
249,73,1
249,74,1
249,164,1
249,165,1
249,166,1
249,167,1
249,168,1
250,1,0
250,3,0
250,5,0
250,8,1
250,9,1
250,15,1
250,71,0
250,72,0
250,73,0
250,74,0
251,1,0
251,5,1
251,8,1
251,9,0
251,10,0
251,75,0
251,76,0
251,77,0
251,78,1
251,79,0
252,1,1
252,5,1
252,8,1
252,9,1
252,10,1
252,75,0
252,76,1
252,77,0
252,78,1
252,79,1
252,164,1
252,165,1
252,166,1
252,167,1
252,168,1
253,1,1
253,5,1
253,8,1
253,9,1
253,10,1
253,75,1
253,76,1
253,77,1
253,78,1
253,79,1
254,1,1
254,5,1
254,8,0
254,9,1
254,10,0
254,75,1
254,76,1
254,77,1
254,78,1
254,79,1
254,164,1
254,165,1
254,166,1
254,167,1
254,168,1
255,1,1
255,5,1
255,8,1
255,9,1
255,10,0
255,75,1
255,76,0
255,77,0
255,78,1
255,79,1
255,164,1
255,165,1
255,166,1
255,167,1
255,168,1
256,1,1
256,5,1
256,8,1
256,9,1
256,10,1
256,75,1
256,76,0
256,77,1
256,78,1
256,79,1
257,1,0
257,5,1
257,8,0
257,9,1
257,10,0
257,75,0
257,76,1
257,77,0
257,78,1
257,79,1
257,164,1
257,165,1
257,166,1
257,167,1
257,168,1
258,1,1
258,5,1
258,8,1
258,9,1
258,10,1
258,75,1
258,76,0
258,77,1
258,78,1
258,79,1
259,1,0
259,5,0
259,8,0
259,9,1
259,10,0
259,75,0
259,76,1
259,77,0
259,78,0
259,79,0
260,1,0
260,5,1
260,8,1
260,9,1
260,10,0
260,75,0
260,76,1
260,77,0
260,78,1
260,79,0
261,1,1
261,5,0
261,8,0
261,9,1
261,10,1
261,75,0
261,76,1
261,77,1
261,78,0
261,79,1
261,164,1
261,165,1
261,166,1
261,167,1
261,168,1
262,1,0
262,5,1
262,8,1
262,9,1
262,10,0
262,75,0
262,76,0
262,77,0
262,78,0
262,79,0
263,1,0
263,5,1
263,8,1
263,9,1
263,10,1
263,75,1
263,76,1
263,77,1
263,78,1
263,79,1
263,164,1
263,165,1
263,166,1
263,167,1
263,168,1
264,1,1
264,5,1
264,8,0
264,9,1
264,10,0
264,75,1
264,76,1
264,77,1
264,78,1
264,79,1
264,164,1
264,165,1
264,166,1
264,167,1
264,168,1
265,1,0
265,5,0
265,8,1
265,9,1
265,10,0
265,75,0
265,76,0
265,77,0
265,78,0
265,79,1
266,1,0
266,5,1
266,8,0
266,9,1
266,10,0
266,75,0
266,76,0
266,77,1
266,78,0
266,79,1
267,1,0
267,5,1
267,8,1
267,9,1
267,10,0
267,75,0
267,76,1
267,77,0
267,78,0
267,79,0
268,1,0
268,5,1
268,8,1
268,9,1
268,10,0
268,75,0
268,76,1
268,77,1
268,78,1
268,79,1
268,164,1
268,165,1
268,166,1
268,167,1
268,168,1
269,1,1
269,5,1
269,8,1
269,9,0
269,10,1
269,75,1
269,76,1
269,77,1
269,78,1
269,79,1
270,1,1
270,5,1
270,8,1
270,9,1
270,10,1
270,75,0
270,76,1
270,77,1
270,78,1
270,79,1
270,164,1
270,165,1
270,166,1
270,167,1
270,168,1
271,1,0
271,3,0
271,5,1
271,7,0
271,8,1
271,9,1
271,80,0
271,81,0
271,82,1
271,83,1
271,164,1
271,165,1
271,166,1
271,167,1
271,168,1
272,1,0
272,3,0
272,5,0
272,7,1
272,8,0
272,9,1
272,80,1
272,81,0
272,82,0
272,83,0
273,1,1
273,3,1
273,5,1
273,7,1
273,8,1
273,9,1
273,80,1
273,81,0
273,82,1
273,83,1
273,164,1
273,165,1
273,166,1
273,167,1
273,168,1
274,1,0
274,3,0
274,5,0
274,7,1
274,8,1
274,9,1
274,80,1
274,81,0
274,82,1
274,83,1
274,164,1
274,165,1
274,166,1
274,167,1
274,168,1
275,1,0
275,3,0
275,5,1
275,7,1
275,8,1
275,9,1
275,80,0
275,81,0
275,82,0
275,83,0
276,1,0
276,3,0
276,5,1
276,7,1
276,8,1
276,9,1
276,80,0
276,81,0
276,82,1
276,83,0
277,1,0
277,3,1
277,5,1
277,7,1
277,8,1
277,9,0
277,80,1
277,81,0
277,82,0
277,83,1
277,164,1
277,165,1
277,166,1
277,167,1
277,168,1
278,1,0
278,3,0
278,5,1
278,7,1
278,8,1
278,9,1
278,80,0
278,81,0
278,82,0
278,83,1
279,1,1
279,3,1
279,5,1
279,7,1
279,8,1
279,9,1
279,80,1
279,81,1
279,82,1
279,83,1
280,1,1
280,3,1
280,5,0
280,7,1
280,8,0
280,9,1
280,80,1
280,81,0
280,82,1
280,83,0
280,164,1
280,165,1
280,166,1
280,167,1
280,168,1
281,1,1
281,3,1
281,5,1
281,7,1
281,8,0
281,9,0
281,80,1
281,81,1
281,82,1
281,83,1
282,1,1
282,3,1
282,5,0
282,7,1
282,8,1
282,9,1
282,80,1
282,81,0
282,82,1
282,83,1
282,164,1
282,165,1
282,166,1
282,167,1
282,168,1
283,1,0
283,3,1
283,5,0
283,7,1
283,8,1
283,9,1
283,80,0
283,81,0
283,82,1
283,83,1
283,164,1
283,165,1
283,166,1
283,167,1
283,168,1
284,1,1
284,3,1
284,5,1
284,7,1
284,8,1
284,9,1
284,80,0
284,81,0
284,82,1
284,83,0
284,164,1
284,165,1
284,166,1
284,167,1
284,168,1
285,1,0
285,3,1
285,5,0
285,7,1
285,8,1
285,9,1
285,80,1
285,81,0
285,82,1
285,83,1
285,164,1
285,165,1
285,166,1
285,167,1
285,168,1
286,1,1
286,5,1
286,7,1
286,8,0
286,9,1
286,15,1
286,30,1
286,31,1
286,32,1
286,33,1
287,1,0
287,5,1
287,7,1
287,8,1
287,9,0
287,15,0
287,30,0
287,31,0
287,32,0
287,33,0
288,1,0
288,5,1
288,7,1
288,8,1
288,9,1
288,15,1
288,30,0
288,31,0
288,32,0
288,33,0
289,1,0
289,5,0
289,7,1
289,8,1
289,9,1
289,15,0
289,30,0
289,31,0
289,32,1
289,33,0
290,1,0
290,5,1
290,7,1
290,8,1
290,9,1
290,15,1
290,30,0
290,31,0
290,32,0
290,33,0
291,1,1
291,5,0
291,7,1
291,8,1
291,9,0
291,15,1
291,30,1
291,31,1
291,32,1
291,33,1
292,1,1
292,5,1
292,7,1
292,8,1
292,9,1
292,15,1
292,30,0
292,31,1
292,32,1
292,33,1
293,1,0
293,5,1
293,7,1
293,8,1
293,9,1
293,15,1
293,30,0
293,31,1
293,32,1
293,33,0
293,164,1
293,165,1
293,166,1
293,167,1
293,168,1
294,1,1
294,5,0
294,7,0
294,8,1
294,9,1
294,15,1
294,30,1
294,31,1
294,32,0
294,33,1
294,164,0
294,165,0
294,166,0
294,167,0
294,168,0
295,1,0
295,5,1
295,7,1
295,8,0
295,9,1
295,15,0
295,30,0
295,31,0
295,32,0
295,33,0
296,1,1
296,5,1
296,7,1
296,8,1
296,9,1
296,15,0
296,30,1
296,31,1
296,32,1
296,33,1
297,1,1
297,5,1
297,7,1
297,8,1
297,9,0
297,15,1
297,30,1
297,31,1
297,32,1
297,33,1
298,1,1
298,5,1
298,7,1
298,8,1
298,9,1
298,15,1
298,30,0
298,31,1
298,32,0
298,33,0
298,164,0
298,165,0
298,166,0
298,167,0
298,168,0
299,1,0
299,3,0
299,5,0
299,7,1
299,8,1
299,9,1
299,80,1
299,81,1
299,82,1
299,83,1
299,164,1
299,165,1
299,166,1
299,167,1
299,168,1
300,1,1
300,3,1
300,5,1
300,7,1
300,8,1
300,9,1
300,80,1
300,81,1
300,82,1
300,83,1
301,1,1
301,3,0
301,5,1
301,7,1
301,8,1
301,9,1
301,80,0
301,81,0
301,82,1
301,83,0
301,164,1
301,165,1
301,166,1
301,167,1
301,168,1
302,1,1
302,3,1
302,5,1
302,7,1
302,8,1
302,9,1
302,80,1
302,81,0
302,82,1
302,83,1
302,164,1
302,165,1
302,166,1
302,167,1
302,168,1
303,1,1
303,3,1
303,5,0
303,7,1
303,8,1
303,9,1
303,80,1
303,81,1
303,82,1
303,83,0
303,164,1
303,165,1
303,166,1
303,167,1
303,168,1
304,5,1
304,7,1
304,8,1
304,9,1
304,15,0
304,44,0
304,84,1
304,85,1
304,86,1
304,87,1
304,164,1
304,165,1
304,166,1
304,167,1
304,168,1
305,5,1
305,7,1
305,8,1
305,9,1
305,15,0
305,44,1
305,84,0
305,85,0
305,86,1
305,87,1
305,164,1
305,165,1
305,166,1
305,167,1
305,168,1
306,5,1
306,7,1
306,8,1
306,9,1
306,15,1
306,44,0
306,84,0
306,85,0
306,86,1
306,87,1
306,164,0
306,165,0
306,166,0
306,167,0
306,168,0
307,5,0
307,7,1
307,8,1
307,9,1
307,15,1
307,44,1
307,84,1
307,85,1
307,86,1
307,87,1
307,164,1
307,165,1
307,166,1
307,167,1
307,168,1
308,5,0
308,7,1
308,8,1
308,9,0
308,15,1
308,44,1
308,84,0
308,85,0
308,86,1
308,87,1
308,164,1
308,165,1
308,166,1
308,167,1
308,168,1
309,5,1
309,7,1
309,8,1
309,9,0
309,15,0
309,44,1
309,84,0
309,85,1
309,86,0
309,87,1
309,164,1
309,165,1
309,166,1
309,167,1
309,168,1
310,5,1
310,7,0
310,8,1
310,9,0
310,15,1
310,44,1
310,84,0
310,85,1
310,86,0
310,87,1
310,164,1
310,165,1
310,166,1
310,167,1
310,168,1
311,5,0
311,7,1
311,8,1
311,9,0
311,15,0
311,44,0
311,84,0
311,85,0
311,86,1
311,87,1
312,5,0
312,7,1
312,8,0
312,9,0
312,15,1
312,44,1
312,84,1
312,85,1
312,86,1
312,87,1
312,164,1
312,165,1
312,166,1
312,167,1
312,168,1
313,5,0
313,7,0
313,8,1
313,9,0
313,15,0
313,44,0
313,84,0
313,85,1
313,86,0
313,87,1
313,164,1
313,165,1
313,166,1
313,167,1
313,168,1
314,5,1
314,7,1
314,8,1
314,9,0
314,15,1
314,44,0
314,84,0
314,85,0
314,86,1
314,87,1
314,164,0
314,165,0
314,166,0
314,167,0
314,168,0
315,5,1
315,7,1
315,8,1
315,9,0
315,15,1
315,44,0
315,84,0
315,85,0
315,86,0
315,87,1
316,5,1
316,7,1
316,8,0
316,9,1
316,15,1
316,44,0
316,84,0
316,85,0
316,86,0
316,87,1
317,5,0
317,7,1
317,8,0
317,9,0
317,15,0
317,44,1
317,84,0
317,85,1
317,86,1
317,87,1
317,164,1
317,165,1
317,166,1
317,167,1
317,168,1
318,5,0
318,7,0
318,8,1
318,9,1
318,15,1
318,44,1
318,84,1
318,85,1
318,86,1
318,87,1
318,164,1
318,165,1
318,166,1
318,167,1
318,168,1
319,5,0
319,7,1
319,8,0
319,9,1
319,15,0
319,44,0
319,84,0
319,85,0
319,86,0
319,87,1
320,5,0
320,7,0
320,8,1
320,9,1
320,15,1
320,44,1
320,84,1
320,85,1
320,86,1
320,87,1
320,164,1
320,165,1
320,166,1
320,167,1
320,168,1
321,5,1
321,7,1
321,8,1
321,9,1
321,15,1
321,44,1
321,84,1
321,85,1
321,86,0
321,87,1
321,164,1
321,165,1
321,166,1
321,167,1
321,168,1
322,5,0
322,7,1
322,8,1
322,9,1
322,15,0
322,44,0
322,84,0
322,85,0
322,86,0
322,87,1
323,5,1
323,7,0
323,8,0
323,9,1
323,15,1
323,44,0
323,84,0
323,85,1
323,86,0
323,87,1
323,164,1
323,165,1
323,166,1
323,167,1
323,168,1
324,1,0
324,5,1
324,8,1
324,14,0
324,32,0
324,55,0
324,67,0
324,88,0
324,89,0
324,90,0
325,1,0
325,5,1
325,8,1
325,14,0
325,32,0
325,55,0
325,67,1
325,88,0
325,89,0
325,90,0
326,1,0
326,5,1
326,8,0
326,14,0
326,32,0
326,55,0
326,67,0
326,88,0
326,89,0
326,90,1
327,1,1
327,5,1
327,8,1
327,14,0
327,32,1
327,55,1
327,67,1
327,88,1
327,89,1
327,90,1
328,1,1
328,5,1
328,8,1
328,14,1
328,32,1
328,55,1
328,67,1
328,88,1
328,89,1
328,90,1
329,1,1
329,5,1
329,7,0
329,8,1
329,9,1
329,15,0
329,85,0
329,91,0
329,92,0
329,93,0
330,1,1
330,5,0
330,7,1
330,8,1
330,9,1
330,15,0
330,85,1
330,91,1
330,92,1
330,93,1
331,1,1
331,5,1
331,7,1
331,8,1
331,9,1
331,15,1
331,85,1
331,91,1
331,92,1
331,93,0
332,1,1
332,5,0
332,7,1
332,8,1
332,9,1
332,15,1
332,85,1
332,91,0
332,92,1
332,93,1
332,164,1
332,165,1
332,166,1
332,167,1
332,168,1
333,1,0
333,5,0
333,7,1
333,8,1
333,9,1
333,15,0
333,85,0
333,91,0
333,92,0
333,93,0
334,1,0
334,5,1
334,7,1
334,8,1
334,9,1
334,15,0
334,85,0
334,91,0
334,92,0
334,93,0
335,1,0
335,5,1
335,7,1
335,8,1
335,9,1
335,15,0
335,85,0
335,91,0
335,92,0
335,93,0
336,1,0
336,5,1
336,7,1
336,8,1
336,9,1
336,15,1
336,85,0
336,91,0
336,92,0
336,93,0
337,1,0
337,5,1
337,7,1
337,8,0
337,9,0
337,15,1
337,85,1
337,91,1
337,92,1
337,93,1
338,1,0
338,5,0
338,7,1
338,8,1
338,9,0
338,15,1
338,85,0
338,91,1
338,92,1
338,93,1
338,164,1
338,165,1
338,166,1
338,167,1
338,168,1
339,1,1
339,5,1
339,7,1
339,8,1
339,9,0
339,15,1
339,85,1
339,91,1
339,92,1
339,93,1
340,1,0
340,5,0
340,7,0
340,8,1
340,9,1
340,15,0
340,85,0
340,91,0
340,92,0
340,93,0
341,1,1
341,5,1
341,7,0
341,8,1
341,9,1
341,15,0
341,85,1
341,91,1
341,92,1
341,93,1
342,1,1
342,5,0
342,7,1
342,8,1
342,9,0
342,15,1
342,85,1
342,91,1
342,92,1
342,93,1
343,3,0
343,5,0
343,8,1
343,9,1
343,11,0
343,32,0
343,94,0
343,95,0
343,96,0
343,97,0
344,3,0
344,5,1
344,8,0
344,9,1
344,11,0
344,32,0
344,94,0
344,95,0
344,96,0
344,97,0
345,3,0
345,5,1
345,8,1
345,9,0
345,11,0
345,32,0
345,94,0
345,95,0
345,96,0
345,97,0
346,3,1
346,5,1
346,8,1
346,9,1
346,11,0
346,32,0
346,94,1
346,95,1
346,96,1
346,97,1
347,3,1
347,5,1
347,8,1
347,9,1
347,11,1
347,32,1
347,94,1
347,95,1
347,96,1
347,97,1
348,3,1
348,5,1
348,8,0
348,9,1
348,11,0
348,32,1
348,94,1
348,95,1
348,96,1
348,97,1
349,3,1
349,5,1
349,8,1
349,9,1
349,11,1
349,32,1
349,94,1
349,95,1
349,96,1
349,97,1
350,3,0
350,5,1
350,8,1
350,9,1
350,11,1
350,32,1
350,94,0
350,95,1
350,96,1
350,97,1
351,3,0
351,5,1
351,8,1
351,9,1
351,11,0
351,32,0
351,94,0
351,95,0
351,96,0
351,97,0
352,3,0
352,5,1
352,8,1
352,9,1
352,11,0
352,32,1
352,94,1
352,95,1
352,96,0
352,97,1
353,3,0
353,5,0
353,8,1
353,9,1
353,11,0
353,32,0
353,94,0
353,95,0
353,96,0
353,97,0
354,3,0
354,5,1
354,8,1
354,9,1
354,11,0
354,32,0
354,94,1
354,95,0
354,96,1
354,97,0
355,3,0
355,5,1
355,8,1
355,9,1
355,11,0
355,32,0
355,94,0
355,95,0
355,96,0
355,97,0
356,3,1
356,5,1
356,8,1
356,9,1
356,11,1
356,32,1
356,94,1
356,95,1
356,96,1
356,97,1
357,3,0
357,5,0
357,8,1
357,9,1
357,11,0
357,32,0
357,94,0
357,95,0
357,96,0
357,97,0
358,3,0
358,5,0
358,8,0
358,9,1
358,11,0
358,32,0
358,94,0
358,95,0
358,96,0
358,97,0
359,3,1
359,5,1
359,8,1
359,9,1
359,11,1
359,32,1
359,94,1
359,95,1
359,96,1
359,97,1
360,3,0
360,5,0
360,8,1
360,9,1
360,11,0
360,32,0
360,94,0
360,95,0
360,96,0
360,97,0
361,3,0
361,5,0
361,8,1
361,9,1
361,11,0
361,32,0
361,94,0
361,95,0
361,96,0
361,97,0
362,3,0
362,5,1
362,8,1
362,9,1
362,11,0
362,32,0
362,94,0
362,95,0
362,96,0
362,97,0
363,1,1
363,5,0
363,6,1
363,7,0
363,8,1
363,9,0
363,14,1
363,98,1
363,99,1
363,100,0
364,1,1
364,5,0
364,6,1
364,7,0
364,8,0
364,9,0
364,14,1
364,98,1
364,99,1
364,100,1
365,1,1
365,5,1
365,6,1
365,7,0
365,8,1
365,9,0
365,14,1
365,98,1
365,99,1
365,100,1
366,1,1
366,5,1
366,6,1
366,7,1
366,8,1
366,9,1
366,14,0
366,98,1
366,99,1
366,100,1
367,1,1
367,5,1
367,6,1
367,7,1
367,8,0
367,9,1
367,14,1
367,98,1
367,99,1
367,100,1
368,1,0
368,5,0
368,6,0
368,7,1
368,8,1
368,9,0
368,14,0
368,98,0
368,99,0
368,100,0
369,1,1
369,5,0
369,6,0
369,7,1
369,8,1
369,9,1
369,14,1
369,98,1
369,99,1
369,100,1
370,1,0
370,5,0
370,6,1
370,7,1
370,8,1
370,9,0
370,14,0
370,98,1
370,99,0
370,100,0
370,164,1
370,165,1
370,166,1
370,167,1
370,168,1
371,1,0
371,5,1
371,6,0
371,7,1
371,8,1
371,9,0
371,14,0
371,98,0
371,99,0
371,100,0
372,1,0
372,5,0
372,6,0
372,7,1
372,8,1
372,9,0
372,14,1
372,98,0
372,99,0
372,100,0
373,1,0
373,5,1
373,6,1
373,7,1
373,8,1
373,9,1
373,14,0
373,98,1
373,99,0
373,100,0
373,164,1
373,165,1
373,166,1
373,167,1
373,168,1
374,1,0
374,5,1
374,6,0
374,7,0
374,8,0
374,9,1
374,14,0
374,98,0
374,99,0
374,100,0
375,1,1
375,5,1
375,6,1
375,7,1
375,8,1
375,9,1
375,14,0
375,98,1
375,99,1
375,100,1
376,1,0
376,5,0
376,6,1
376,7,0
376,8,1
376,9,1
376,14,1
376,98,1
376,99,1
376,100,1
377,1,1
377,5,1
377,6,1
377,7,1
377,8,0
377,9,0
377,14,1
377,98,1
377,99,1
377,100,1
378,1,0
378,5,1
378,6,1
378,7,1
378,8,1
378,9,0
378,14,1
378,98,1
378,99,1
378,100,1
379,1,0
379,5,1
379,6,0
379,7,0
379,8,1
379,9,1
379,14,0
379,98,0
379,99,0
379,100,0
380,1,0
380,5,1
380,6,1
380,7,1
380,8,1
380,9,1
380,14,1
380,98,1
380,99,0
380,100,0
380,164,1
380,165,1
380,166,1
380,167,1
380,168,1
381,1,0
381,5,0
381,6,0
381,7,1
381,8,1
381,9,0
381,14,0
381,98,0
381,99,0
381,100,0
382,1,0
382,5,0
382,6,0
382,7,1
382,8,1
382,9,1
382,14,0
382,98,0
382,99,0
382,100,0
383,5,0
383,8,1
383,9,0
383,21,0
383,36,0
383,101,0
383,102,0
383,103,0
383,104,0
383,105,1
384,5,0
384,8,1
384,9,0
384,21,0
384,36,0
384,101,0
384,102,0
384,103,0
384,104,0
384,105,0
385,5,1
385,8,1
385,9,0
385,21,0
385,36,0
385,101,1
385,102,0
385,103,0
385,104,0
385,105,1
386,5,1
386,8,1
386,9,1
386,21,0
386,36,0
386,101,0
386,102,0
386,103,0
386,104,0
386,105,1
387,5,0
387,8,0
387,9,0
387,21,0
387,36,0
387,101,0
387,102,0
387,103,0
387,104,0
387,105,0
388,5,1
388,8,1
388,9,1
388,21,0
388,36,1
388,101,1
388,102,0
388,103,1
388,104,1
388,105,1
389,5,1
389,8,1
389,9,0
389,21,0
389,36,0
389,101,0
389,102,0
389,103,0
389,104,0
389,105,0
390,5,0
390,8,1
390,9,1
390,21,1
390,36,1
390,101,1
390,102,0
390,103,0
390,104,1
390,105,0
391,5,1
391,8,1
391,9,1
391,21,0
391,36,0
391,101,1
391,102,0
391,103,0
391,104,0
391,105,1
392,5,1
392,8,1
392,9,0
392,21,1
392,36,1
392,101,1
392,102,1
392,103,1
392,104,1
392,105,0
393,5,1
393,8,1
393,9,0
393,21,0
393,36,0
393,101,0
393,102,0
393,103,0
393,104,0
393,105,0
394,5,0
394,8,1
394,9,1
394,21,0
394,36,0
394,101,0
394,102,0
394,103,0
394,104,0
394,105,0
395,5,1
395,8,0
395,9,1
395,21,0
395,36,0
395,101,0
395,102,0
395,103,0
395,104,0
395,105,0
396,5,0
396,8,1
396,9,0
396,21,0
396,36,0
396,101,0
396,102,0
396,103,0
396,104,0
396,105,0
397,5,1
397,8,0
397,9,0
397,21,1
397,36,1
397,101,1
397,102,1
397,103,1
397,104,1
397,105,1
398,5,1
398,8,1
398,9,1
398,21,0
398,36,0
398,101,0
398,102,0
398,103,0
398,104,0
398,105,0
399,5,0
399,8,1
399,9,0
399,21,0
399,36,0
399,101,0
399,102,0
399,103,0
399,104,0
399,105,0
400,5,0
400,8,1
400,9,1
400,21,0
400,36,0
400,101,0
400,102,0
400,103,0
400,104,0
400,105,0
401,5,1
401,8,1
401,9,1
401,21,1
401,36,1
401,101,1
401,102,0
401,103,1
401,104,1
401,105,1
402,5,0
402,8,0
402,9,1
402,21,0
402,36,0
402,101,0
402,102,0
402,103,1
402,104,0
402,105,0
403,1,0
403,3,0
403,5,0
403,7,1
403,8,1
403,9,1
403,100,0
403,106,0
403,107,0
403,108,0
404,1,1
404,3,0
404,5,0
404,7,1
404,8,1
404,9,1
404,100,0
404,106,0
404,107,0
404,108,0
405,1,0
405,3,0
405,5,0
405,7,1
405,8,0
405,9,1
405,100,0
405,106,0
405,107,0
405,108,0
406,7,1
406,8,0
406,9,0
406,20,0
406,54,0
406,55,0
406,56,0
406,57,0
406,58,0
406,59,0
407,7,1
407,8,1
407,9,0
407,20,1
407,54,1
407,55,1
407,56,1
407,57,1
407,58,0
407,59,1
408,7,1
408,8,0
408,9,1
408,20,1
408,54,1
408,55,1
408,56,1
408,57,0
408,58,1
408,59,1
409,7,1
409,8,1
409,9,0
409,20,0
409,54,0
409,55,0
409,56,0
409,57,0
409,58,0
409,59,0
410,7,0
410,8,1
410,9,1
410,20,0
410,54,1
410,55,1
410,56,1
410,57,1
410,58,1
410,59,1
411,7,1
411,8,1
411,9,0
411,20,1
411,54,1
411,55,1
411,56,0
411,57,1
411,58,1
411,59,1
412,7,0
412,8,1
412,9,1
412,20,1
412,54,0
412,55,1
412,56,1
412,57,1
412,58,1
412,59,1
413,7,1
413,8,1
413,9,0
413,20,0
413,54,0
413,55,0
413,56,0
413,57,0
413,58,0
413,59,0
414,7,1
414,8,1
414,9,1
414,20,1
414,54,1
414,55,1
414,56,0
414,57,0
414,58,0
414,59,0
415,7,1
415,8,1
415,9,1
415,20,1
415,54,1
415,55,1
415,56,0
415,57,0
415,58,1
415,59,1
416,7,1
416,8,1
416,9,1
416,20,1
416,54,1
416,55,1
416,56,1
416,57,1
416,58,1
416,59,1
417,7,1
417,8,1
417,9,1
417,20,1
417,54,1
417,55,1
417,56,1
417,57,1
417,58,1
417,59,1
418,7,1
418,8,1
418,9,1
418,20,0
418,54,0
418,55,1
418,56,0
418,57,0
418,58,0
418,59,0
419,7,0
419,8,1
419,9,0
419,20,1
419,54,1
419,55,1
419,56,1
419,57,1
419,58,1
419,59,1
420,7,0
420,8,1
420,9,1
420,20,1
420,54,0
420,55,0
420,56,0
420,57,0
420,58,1
420,59,0
421,7,1
421,8,1
421,9,0
421,20,1
421,54,0
421,55,1
421,56,0
421,57,0
421,58,0
421,59,0
422,7,0
422,8,0
422,9,0
422,20,1
422,54,0
422,55,1
422,56,0
422,57,1
422,58,0
422,59,0
423,7,1
423,8,0
423,9,1
423,20,0
423,54,0
423,55,0
423,56,0
423,57,0
423,58,0
423,59,0
424,7,1
424,8,1
424,9,0
424,20,1
424,54,1
424,55,1
424,56,1
424,57,1
424,58,1
424,59,1
425,3,0
425,5,1
425,7,0
425,8,1
425,9,1
425,41,0
425,106,0
425,109,0
425,110,0
425,111,0
426,3,0
426,5,0
426,7,0
426,8,1
426,9,1
426,41,0
426,106,0
426,109,0
426,110,0
426,111,0
427,3,0
427,5,0
427,7,0
427,8,1
427,9,1
427,41,0
427,106,0
427,109,0
427,110,0
427,111,1
428,3,0
428,5,0
428,7,0
428,8,1
428,9,1
428,41,0
428,106,0
428,109,0
428,110,0
428,111,0
429,3,1
429,5,1
429,7,0
429,8,1
429,9,1
429,41,0
429,106,1
429,109,1
429,110,1
429,111,1
430,3,0
430,5,1
430,7,1
430,8,0
430,9,1
430,41,0
430,106,0
430,109,0
430,110,0
430,111,0
431,3,1
431,5,1
431,7,1
431,8,1
431,9,1
431,41,1
431,106,1
431,109,1
431,110,1
431,111,1
432,3,0
432,5,0
432,7,1
432,8,1
432,9,1
432,41,0
432,106,0
432,109,0
432,110,0
432,111,0
433,3,0
433,5,0
433,7,1
433,8,1
433,9,1
433,41,0
433,106,0
433,109,0
433,110,0
433,111,0
434,3,1
434,5,1
434,7,1
434,8,1
434,9,0
434,41,1
434,106,0
434,109,0
434,110,0
434,111,1
434,164,0
434,165,0
434,166,0
434,167,0
434,168,0
435,3,0
435,5,0
435,7,1
435,8,1
435,9,1
435,41,0
435,106,0
435,109,0
435,110,0
435,111,0
436,3,0
436,5,1
436,7,1
436,8,1
436,9,1
436,41,0
436,106,0
436,109,0
436,110,0
436,111,0
437,3,0
437,5,0
437,7,1
437,8,1
437,9,1
437,41,0
437,106,0
437,109,0
437,110,0
437,111,0
438,3,0
438,5,0
438,7,1
438,8,1
438,9,1
438,41,0
438,106,0
438,109,0
438,110,0
438,111,0
439,3,0
439,5,1
439,7,1
439,8,1
439,9,0
439,41,0
439,106,0
439,109,0
439,110,0
439,111,0
440,3,0
440,5,1
440,7,1
440,8,1
440,9,1
440,41,0
440,106,0
440,109,0
440,110,0
440,111,0
441,3,0
441,5,1
441,7,1
441,8,1
441,9,1
441,41,0
441,106,0
441,109,0
441,110,0
441,111,0
442,3,0
442,5,1
442,7,0
442,8,0
442,9,1
442,41,0
442,106,0
442,109,0
442,110,0
442,111,0
443,3,0
443,5,0
443,7,0
443,8,0
443,9,0
443,41,0
443,106,0
443,109,0
443,110,0
443,111,0
444,3,0
444,5,1
444,7,1
444,8,1
444,9,1
444,41,0
444,106,0
444,109,0
444,110,0
444,111,1
445,1,0
445,5,1
445,8,0
445,17,0
445,23,1
445,112,0
445,113,1
445,114,1
445,115,1
445,116,1
446,1,1
446,5,0
446,8,1
446,17,1
446,23,0
446,112,1
446,113,1
446,114,1
446,115,1
446,116,1
447,1,0
447,5,0
447,8,0
447,17,0
447,23,0
447,112,0
447,113,0
447,114,0
447,115,0
447,116,0
448,1,0
448,5,1
448,8,1
448,17,1
448,23,0
448,112,0
448,113,0
448,114,0
448,115,0
448,116,0
449,1,0
449,5,1
449,8,0
449,17,1
449,23,0
449,112,0
449,113,0
449,114,0
449,115,0
449,116,0
450,1,1
450,5,1
450,8,1
450,17,1
450,23,1
450,112,1
450,113,1
450,114,1
450,115,1
450,116,1
451,1,0
451,5,0
451,8,0
451,17,1
451,23,0
451,112,0
451,113,0
451,114,0
451,115,0
451,116,0
452,1,1
452,5,0
452,8,1
452,17,1
452,23,1
452,112,1
452,113,1
452,114,1
452,115,1
452,116,1
453,1,1
453,5,1
453,8,1
453,17,1
453,23,1
453,112,1
453,113,1
453,114,1
453,115,1
453,116,1
454,1,0
454,5,0
454,8,1
454,17,1
454,23,0
454,112,0
454,113,0
454,114,0
454,115,0
454,116,0
455,1,1
455,5,0
455,8,1
455,17,1
455,23,0
455,112,1
455,113,1
455,114,1
455,115,1
455,116,1
456,1,0
456,5,1
456,8,1
456,17,1
456,23,0
456,112,0
456,113,0
456,114,0
456,115,0
456,116,0
457,1,0
457,5,1
457,8,1
457,17,1
457,23,0
457,112,0
457,113,0
457,114,0
457,115,0
457,116,0
458,1,0
458,5,1
458,8,0
458,17,1
458,23,0
458,112,0
458,113,0
458,114,0
458,115,0
458,116,0
459,1,1
459,5,1
459,8,1
459,17,1
459,23,1
459,112,1
459,113,1
459,114,1
459,115,1
459,116,1
460,1,0
460,5,0
460,8,1
460,17,0
460,23,0
460,112,0
460,113,0
460,114,0
460,115,0
460,116,0
461,1,1
461,5,1
461,8,1
461,17,1
461,23,1
461,112,1
461,113,1
461,114,1
461,115,1
461,116,1
462,1,1
462,5,1
462,8,1
462,17,1
462,23,1
462,112,1
462,113,1
462,114,1
462,115,1
462,116,1
463,1,0
463,5,0
463,8,1
463,17,1
463,23,1
463,112,0
463,113,1
463,114,1
463,115,1
463,116,1
464,1,1
464,5,1
464,8,1
464,17,1
464,23,1
464,112,0
464,113,1
464,114,1
464,115,1
464,116,0
465,1,0
465,3,0
465,5,1
465,7,1
465,8,1
465,9,1
465,14,0
465,117,0
465,118,0
465,119,0
466,1,0
466,3,0
466,5,1
466,7,1
466,8,1
466,9,1
466,14,0
466,117,0
466,118,0
466,119,0
467,1,1
467,3,1
467,5,0
467,7,1
467,8,1
467,9,1
467,14,1
467,117,1
467,118,1
467,119,1
468,1,1
468,3,1
468,5,1
468,7,1
468,8,1
468,9,1
468,14,1
468,117,1
468,118,1
468,119,1
469,1,1
469,3,1
469,5,1
469,7,1
469,8,0
469,9,1
469,14,1
469,117,1
469,118,1
469,119,1
470,1,0
470,3,0
470,5,1
470,7,1
470,8,1
470,9,1
470,14,0
470,117,0
470,118,0
470,119,0
471,1,1
471,3,0
471,5,0
471,7,0
471,8,1
471,9,1
471,14,1
471,117,0
471,118,1
471,119,1
472,1,0
472,3,0
472,5,0
472,7,1
472,8,1
472,9,1
472,14,0
472,117,0
472,118,0
472,119,0
473,1,1
473,3,1
473,5,1
473,7,0
473,8,0
473,9,0
473,14,1
473,117,1
473,118,1
473,119,1
474,1,0
474,3,0
474,5,1
474,7,1
474,8,1
474,9,1
474,14,0
474,117,0
474,118,0
474,119,0
475,1,1
475,3,1
475,5,1
475,7,1
475,8,0
475,9,1
475,14,1
475,117,1
475,118,1
475,119,1
476,1,0
476,3,0
476,5,0
476,7,1
476,8,1
476,9,1
476,14,0
476,117,0
476,118,0
476,119,0
477,1,0
477,3,0
477,5,1
477,7,1
477,8,0
477,9,1
477,14,0
477,117,0
477,118,0
477,119,0
478,1,1
478,3,1
478,5,0
478,7,0
478,8,1
478,9,1
478,14,1
478,117,1
478,118,1
478,119,1
479,1,1
479,3,1
479,5,1
479,7,0
479,8,1
479,9,1
479,14,1
479,117,1
479,118,1
479,119,1
480,1,1
480,3,1
480,5,0
480,7,0
480,8,1
480,9,1
480,14,1
480,117,1
480,118,1
480,119,0
481,1,0
481,3,0
481,5,1
481,7,1
481,8,1
481,9,1
481,14,0
481,117,0
481,118,0
481,119,0
482,1,1
482,3,1
482,5,1
482,7,0
482,8,1
482,9,1
482,14,0
482,117,1
482,118,1
482,119,1
483,1,1
483,3,0
483,5,1
483,7,0
483,8,1
483,9,0
483,14,0
483,117,0
483,118,0
483,119,0
484,1,1
484,3,0
484,5,1
484,7,1
484,8,1
484,9,1
484,14,0
484,117,0
484,118,0
484,119,0
485,3,1
485,8,1
485,9,1
485,15,0
485,46,1
485,120,1
485,121,1
485,122,1
485,123,1
485,124,1
486,1,0
486,5,1
486,7,1
486,8,1
486,9,1
486,14,0
486,100,0
486,125,0
486,126,0
486,127,0
487,1,0
487,5,1
487,7,0
487,8,1
487,9,1
487,14,0
487,100,0
487,125,0
487,126,0
487,127,0
488,1,1
488,5,1
488,7,0
488,8,1
488,9,0
488,14,1
488,100,1
488,125,1
488,126,1
488,127,1
489,1,1
489,5,1
489,7,1
489,8,0
489,9,1
489,14,0
489,100,0
489,125,0
489,126,0
489,127,0
490,1,1
490,5,0
490,7,1
490,8,1
490,9,1
490,14,1
490,100,1
490,125,1
490,126,1
490,127,1
491,1,0
491,5,1
491,7,1
491,8,1
491,9,1
491,14,1
491,100,1
491,125,1
491,126,1
491,127,1
492,1,0
492,5,1
492,7,0
492,8,1
492,9,0
492,14,0
492,100,0
492,125,0
492,126,0
492,127,0
493,1,1
493,5,1
493,7,1
493,8,0
493,9,1
493,14,1
493,100,0
493,125,1
493,126,1
493,127,1
494,1,1
494,5,1
494,7,0
494,8,0
494,9,0
494,14,1
494,100,1
494,125,0
494,126,0
494,127,1
494,164,1
494,165,1
494,166,1
494,167,1
494,168,1
495,1,1
495,5,0
495,7,1
495,8,1
495,9,0
495,14,1
495,100,1
495,125,1
495,126,1
495,127,1
496,1,0
496,5,1
496,7,1
496,8,0
496,9,0
496,14,0
496,100,0
496,125,0
496,126,0
496,127,0
497,1,1
497,5,1
497,7,1
497,8,1
497,9,1
497,14,1
497,100,1
497,125,1
497,126,1
497,127,1
498,1,0
498,5,0
498,7,0
498,8,0
498,9,0
498,14,0
498,100,0
498,125,0
498,126,0
498,127,0
499,1,0
499,5,1
499,7,1
499,8,0
499,9,1
499,14,0
499,100,0
499,125,0
499,126,0
499,127,0
500,1,0
500,5,1
500,7,1
500,8,1
500,9,1
500,14,0
500,100,0
500,125,0
500,126,0
500,127,0
501,1,0
501,5,1
501,7,1
501,8,1
501,9,1
501,14,0
501,100,0
501,125,0
501,126,0
501,127,1
502,1,0
502,5,1
502,7,1
502,8,1
502,9,0
502,14,0
502,100,0
502,125,0
502,126,0
502,127,0
503,1,1
503,5,1
503,7,1
503,8,0
503,9,0
503,14,1
503,100,1
503,125,1
503,126,1
503,127,1
504,5,1
504,7,1
504,8,1
504,9,1
504,11,0
504,40,0
504,128,0
504,129,0
504,130,0
504,131,0
505,5,1
505,7,0
505,8,0
505,9,1
505,11,0
505,40,0
505,128,0
505,129,0
505,130,0
505,131,0
506,5,1
506,7,1
506,8,1
506,9,1
506,11,0
506,40,0
506,128,0
506,129,0
506,130,0
506,131,0
507,5,0
507,7,0
507,8,1
507,9,1
507,11,0
507,40,0
507,128,0
507,129,0
507,130,0
507,131,0
508,5,0
508,7,0
508,8,1
508,9,0
508,11,0
508,40,0
508,128,0
508,129,0
508,130,0
508,131,0
509,5,0
509,7,1
509,8,1
509,9,0
509,11,0
509,40,0
509,128,0
509,129,0
509,130,0
509,131,0
510,5,1
510,7,0
510,8,1
510,9,1
510,11,0
510,40,0
510,128,0
510,129,0
510,130,0
510,131,0
511,5,1
511,7,0
511,8,1
511,9,1
511,11,1
511,40,1
511,128,1
511,129,1
511,130,1
511,131,1
512,5,1
512,7,1
512,8,1
512,9,1
512,11,0
512,40,0
512,128,0
512,129,0
512,130,0
512,131,0
513,5,1
513,7,1
513,8,1
513,9,1
513,11,0
513,40,0
513,128,0
513,129,0
513,130,0
513,131,0
514,5,1
514,7,1
514,8,1
514,9,1
514,11,1
514,40,1
514,128,1
514,129,1
514,130,1
514,131,1
515,5,1
515,7,1
515,8,1
515,9,1
515,11,0
515,40,0
515,128,0
515,129,1
515,130,0
515,131,0
516,5,0
516,7,1
516,8,1
516,9,1
516,11,0
516,40,1
516,128,1
516,129,1
516,130,0
516,131,0
516,164,1
516,165,1
516,166,1
516,167,1
516,168,1
517,5,1
517,7,1
517,8,1
517,9,1
517,11,0
517,40,0
517,128,0
517,129,0
517,130,0
517,131,0
518,5,1
518,7,1
518,8,1
518,9,1
518,11,1
518,40,1
518,128,1
518,129,1
518,130,1
518,131,1
519,5,1
519,7,1
519,8,1
519,9,1
519,11,0
519,40,0
519,128,1
519,129,0
519,130,0
519,131,0
520,5,1
520,7,1
520,8,1
520,9,1
520,11,0
520,40,0
520,128,0
520,129,0
520,130,0
520,131,0
521,5,1
521,7,0
521,8,1
521,9,0
521,11,0
521,40,0
521,128,1
521,129,0
521,130,0
521,131,0
522,5,1
522,7,0
522,8,0
522,9,0
522,11,1
522,40,1
522,128,1
522,129,1
522,130,1
522,131,1
523,5,1
523,7,1
523,8,1
523,9,1
523,11,0
523,40,0
523,128,0
523,129,0
523,130,0
523,131,0
524,0,1
524,1,1
524,3,1
524,5,1
524,7,1
524,8,1
524,9,1
524,99,0
524,132,1
524,133,0
524,164,1
524,165,1
524,166,1
524,167,1
524,168,1
525,0,1
525,1,0
525,3,1
525,5,1
525,7,1
525,8,1
525,9,1
525,99,1
525,132,1
525,133,0
526,0,0
526,1,0
526,3,0
526,5,0
526,7,1
526,8,1
526,9,1
526,99,0
526,132,0
526,133,0
527,0,1
527,1,0
527,3,1
527,5,1
527,7,1
527,8,1
527,9,1
527,99,1
527,132,1
527,133,1
528,0,1
528,1,1
528,3,1
528,5,1
528,7,1
528,8,1
528,9,1
528,99,1
528,132,1
528,133,1
529,0,0
529,1,0
529,3,0
529,5,0
529,7,1
529,8,1
529,9,1
529,99,0
529,132,0
529,133,0
530,0,1
530,1,0
530,3,0
530,5,0
530,7,1
530,8,1
530,9,1
530,99,0
530,132,0
530,133,0
531,0,0
531,1,0
531,3,0
531,5,0
531,7,1
531,8,1
531,9,1
531,99,0
531,132,0
531,133,0
532,0,1
532,1,1
532,3,1
532,5,1
532,7,1
532,8,1
532,9,1
532,99,0
532,132,1
532,133,0
532,164,1
532,165,1
532,166,1
532,167,1
532,168,1
533,0,1
533,1,1
533,3,0
533,5,1
533,7,1
533,8,0
533,9,1
533,99,1
533,132,1
533,133,1
534,0,1
534,1,1
534,3,1
534,5,1
534,7,1
534,8,1
534,9,0
534,99,0
534,132,1
534,133,1
535,0,0
535,1,0
535,3,0
535,5,1
535,7,1
535,8,1
535,9,0
535,99,0
535,132,0
535,133,0
536,0,0
536,1,0
536,3,0
536,5,0
536,7,1
536,8,1
536,9,0
536,99,0
536,132,0
536,133,0
537,0,1
537,1,0
537,3,1
537,5,0
537,7,0
537,8,1
537,9,1
537,99,0
537,132,0
537,133,0
538,0,0
538,1,1
538,3,1
538,5,0
538,7,1
538,8,0
538,9,1
538,99,1
538,132,1
538,133,1
539,0,0
539,1,0
539,3,0
539,5,1
539,7,1
539,8,0
539,9,1
539,99,0
539,132,0
539,133,0
540,0,1
540,1,1
540,3,1
540,5,1
540,7,1
540,8,1
540,9,1
540,99,0
540,132,1
540,133,1
541,0,1
541,1,1
541,3,1
541,5,0
541,7,1
541,8,1
541,9,1
541,99,1
541,132,1
541,133,1
542,0,1
542,1,1
542,3,1
542,5,1
542,7,1
542,8,0
542,9,0
542,99,1
542,132,1
542,133,1
543,0,1
543,1,1
543,3,1
543,5,0
543,7,1
543,8,0
543,9,1
543,99,1
543,132,1
543,133,0
544,5,1
544,8,1
544,9,1
544,21,1
544,46,1
544,55,1
544,134,1
544,135,1
544,136,1
544,137,0
545,5,0
545,8,1
545,9,0
545,21,1
545,46,1
545,55,0
545,134,1
545,135,1
545,136,0
545,137,1
546,5,1
546,8,1
546,9,1
546,21,0
546,46,0
546,55,1
546,134,0
546,135,0
546,136,0
546,137,0
547,5,1
547,8,1
547,9,1
547,21,1
547,46,0
547,55,1
547,134,1
547,135,1
547,136,1
547,137,1
548,5,0
548,8,1
548,9,0
548,21,0
548,46,0
548,55,0
548,134,0
548,135,0
548,136,0
548,137,0
549,5,0
549,8,0
549,9,0
549,21,0
549,46,0
549,55,0
549,134,0
549,135,0
549,136,0
549,137,0
550,5,1
550,8,1
550,9,1
550,21,1
550,46,1
550,55,1
550,134,0
550,135,1
550,136,1
550,137,1
551,5,0
551,8,1
551,9,1
551,21,0
551,46,0
551,55,0
551,134,0
551,135,0
551,136,0
551,137,0
552,5,0
552,8,1
552,9,1
552,21,1
552,46,0
552,55,0
552,134,0
552,135,1
552,136,0
552,137,1
552,164,1
552,165,1
552,166,1
552,167,1
552,168,1
553,5,0
553,8,1
553,9,0
553,21,0
553,46,0
553,55,0
553,134,0
553,135,0
553,136,0
553,137,0
554,5,0
554,8,1
554,9,1
554,21,1
554,46,1
554,55,1
554,134,1
554,135,1
554,136,0
554,137,0
555,5,0
555,8,1
555,9,1
555,21,0
555,46,0
555,55,0
555,134,0
555,135,0
555,136,0
555,137,0
556,5,0
556,8,1
556,9,0
556,21,1
556,46,0
556,55,1
556,134,1
556,135,1
556,136,1
556,137,1
557,5,0
557,8,1
557,9,1
557,21,0
557,46,0
557,55,0
557,134,0
557,135,0
557,136,0
557,137,0
558,5,1
558,8,1
558,9,1
558,21,1
558,46,0
558,55,1
558,134,1
558,135,1
558,136,1
558,137,1
559,5,1
559,8,1
559,9,1
559,21,1
559,46,1
559,55,1
559,134,1
559,135,1
559,136,1
559,137,1
560,5,1
560,8,0
560,9,0
560,21,1
560,46,0
560,55,1
560,134,1
560,135,1
560,136,1
560,137,1
561,5,1
561,8,1
561,9,1
561,21,0
561,46,0
561,55,0
561,134,0
561,135,0
561,136,0
561,137,0
562,5,1
562,8,1
562,9,1
562,21,1
562,46,1
562,55,1
562,134,1
562,135,1
562,136,1
562,137,1
563,5,0
563,8,0
563,9,0
563,21,0
563,46,0
563,55,1
563,134,0
563,135,0
563,136,0
563,137,0
564,3,0
564,7,1
564,8,0
564,9,1
564,53,0
564,60,0
564,61,0
564,62,0
564,63,0
564,64,0
565,3,1
565,7,1
565,8,1
565,9,1
565,53,1
565,60,1
565,61,0
565,62,1
565,63,1
565,64,0
565,164,0
565,165,0
565,166,0
565,167,0
565,168,0
566,3,1
566,7,1
566,8,1
566,9,1
566,53,1
566,60,0
566,61,0
566,62,1
566,63,1
566,64,0
566,164,1
566,165,1
566,166,1
566,167,1
566,168,1
567,3,0
567,7,1
567,8,1
567,9,1
567,53,0
567,60,0
567,61,0
567,62,0
567,63,0
567,64,0
568,3,0
568,7,1
568,8,1
568,9,1
568,53,0
568,60,1
568,61,0
568,62,0
568,63,0
568,64,0
569,3,1
569,7,1
569,8,1
569,9,1
569,53,1
569,60,1
569,61,1
569,62,0
569,63,1
569,64,0
570,3,0
570,7,1
570,8,1
570,9,1
570,53,0
570,60,0
570,61,0
570,62,0
570,63,0
570,64,0
571,3,0
571,7,1
571,8,1
571,9,1
571,53,0
571,60,1
571,61,0
571,62,0
571,63,0
571,64,0
572,3,1
572,7,0
572,8,1
572,9,0
572,53,1
572,60,1
572,61,1
572,62,1
572,63,1
572,64,1
573,3,1
573,7,0
573,8,1
573,9,1
573,53,1
573,60,1
573,61,1
573,62,1
573,63,1
573,64,0
574,3,1
574,7,0
574,8,0
574,9,1
574,53,0
574,60,1
574,61,0
574,62,1
574,63,0
574,64,0
574,164,1
574,165,1
574,166,1
574,167,1
574,168,1
575,3,1
575,7,1
575,8,1
575,9,0
575,53,1
575,60,0
575,61,1
575,62,0
575,63,1
575,64,0
576,3,1
576,7,0
576,8,1
576,9,1
576,53,1
576,60,0
576,61,1
576,62,0
576,63,1
576,64,0
577,3,0
577,7,1
577,8,0
577,9,1
577,53,0
577,60,0
577,61,0
577,62,0
577,63,0
577,64,0
578,3,0
578,7,0
578,8,0
578,9,1
578,53,0
578,60,0
578,61,0
578,62,0
578,63,0
578,64,0
579,3,0
579,7,0
579,8,0
579,9,1
579,53,0
579,60,0
579,61,0
579,62,0
579,63,0
579,64,0
580,3,0
580,7,0
580,8,1
580,9,1
580,53,1
580,60,0
580,61,0
580,62,0
580,63,1
580,64,0
580,164,1
580,165,1
580,166,1
580,167,1
580,168,1
581,1,1
581,3,1
581,5,0
581,7,1
581,8,0
581,9,0
581,100,0
581,106,1
581,107,1
581,108,1
582,1,0
582,3,0
582,5,0
582,7,1
582,8,1
582,9,1
582,100,0
582,106,0
582,107,0
582,108,0
583,1,0
583,3,0
583,5,0
583,7,0
583,8,1
583,9,1
583,100,0
583,106,0
583,107,0
583,108,0
584,1,1
584,3,0
584,5,0
584,7,1
584,8,0
584,9,1
584,100,0
584,106,0
584,107,0
584,108,0
585,1,1
585,3,1
585,5,1
585,7,1
585,8,0
585,9,1
585,100,1
585,106,1
585,107,1
585,108,1
586,1,0
586,3,0
586,5,0
586,7,0
586,8,1
586,9,1
586,100,0
586,106,0
586,107,0
586,108,0
587,1,1
587,3,1
587,5,0
587,7,1
587,8,0
587,9,0
587,100,0
587,106,1
587,107,1
587,108,1
588,1,0
588,3,0
588,5,0
588,7,0
588,8,1
588,9,1
588,100,0
588,106,0
588,107,0
588,108,0
589,1,1
589,3,1
589,5,1
589,7,1
589,8,1
589,9,1
589,100,1
589,106,1
589,107,1
589,108,1
590,1,1
590,3,1
590,5,0
590,7,1
590,8,1
590,9,1
590,100,1
590,106,0
590,107,1
590,108,0
591,1,1
591,3,1
591,5,0
591,7,1
591,8,1
591,9,1
591,100,1
591,106,1
591,107,1
591,108,1
592,1,1
592,3,1
592,5,0
592,7,1
592,8,1
592,9,0
592,100,0
592,106,0
592,107,0
592,108,0
592,164,1
592,165,1
592,166,1
592,167,1
592,168,1
593,1,0
593,3,1
593,5,0
593,7,1
593,8,1
593,9,1
593,100,1
593,106,0
593,107,1
593,108,0
593,164,1
593,165,1
593,166,1
593,167,1
593,168,1
594,1,0
594,3,0
594,5,0
594,7,1
594,8,1
594,9,1
594,100,0
594,106,0
594,107,0
594,108,0
595,1,1
595,3,1
595,5,1
595,7,0
595,8,1
595,9,0
595,100,0
595,106,1
595,107,0
595,108,1
596,1,1
596,3,1
596,5,0
596,7,1
596,8,0
596,9,1
596,100,1
596,106,1
596,107,0
596,108,0
597,1,0
597,3,0
597,5,0
597,7,1
597,8,1
597,9,1
597,100,0
597,106,0
597,107,0
597,108,0
598,5,0
598,7,0
598,8,0
598,9,1
598,13,0
598,99,1
598,123,1
598,138,1
598,139,1
598,140,1
599,5,1
599,7,1
599,8,1
599,9,1
599,13,1
599,99,0
599,123,1
599,138,1
599,139,1
599,140,1
599,164,1
599,165,1
599,166,1
599,167,1
599,168,1
600,5,1
600,7,1
600,8,0
600,9,1
600,13,0
600,99,1
600,123,1
600,138,1
600,139,0
600,140,0
600,164,1
600,165,1
600,166,1
600,167,1
600,168,1
601,5,1
601,7,1
601,8,1
601,9,1
601,13,1
601,99,1
601,123,0
601,138,1
601,139,1
601,140,1
601,164,1
601,165,1
601,166,1
601,167,1
601,168,1
602,5,1
602,7,1
602,8,0
602,9,0
602,13,0
602,99,0
602,123,0
602,138,0
602,139,0
602,140,0
603,5,0
603,7,0
603,8,1
603,9,1
603,13,0
603,99,0
603,123,0
603,138,1
603,139,1
603,140,0
603,164,1
603,165,1
603,166,1
603,167,1
603,168,1
604,5,0
604,7,0
604,8,1
604,9,1
604,13,1
604,99,0
604,123,0
604,138,0
604,139,0
604,140,0
605,5,0
605,7,1
605,8,1
605,9,1
605,13,0
605,99,1
605,123,1
605,138,1
605,139,1
605,140,0
605,164,1
605,165,1
605,166,1
605,167,1
605,168,1
606,5,1
606,7,0
606,8,1
606,9,1
606,13,1
606,99,0
606,123,0
606,138,0
606,139,0
606,140,0
607,5,0
607,7,1
607,8,1
607,9,0
607,13,0
607,99,1
607,123,1
607,138,1
607,139,0
607,140,1
607,164,1
607,165,1
607,166,1
607,167,1
607,168,1
608,5,1
608,7,0
608,8,0
608,9,1
608,13,1
608,99,1
608,123,1
608,138,0
608,139,1
608,140,1
608,164,1
608,165,1
608,166,1
608,167,1
608,168,1
609,5,0
609,7,1
609,8,1
609,9,1
609,13,1
609,99,1
609,123,1
609,138,1
609,139,1
609,140,1
610,5,1
610,7,1
610,8,1
610,9,1
610,13,1
610,99,0
610,123,1
610,138,1
610,139,0
610,140,1
610,164,1
610,165,1
610,166,1
610,167,1
610,168,1
611,5,0
611,7,0
611,8,1
611,9,0
611,13,0
611,99,0
611,123,1
611,138,0
611,139,0
611,140,0
612,1,0
612,5,1
612,7,1
612,8,1
612,9,1
612,55,0
612,121,0
612,141,0
612,142,0
612,143,0
613,1,0
613,5,1
613,7,1
613,8,1
613,9,1
613,55,0
613,121,0
613,141,0
613,142,0
613,143,1
614,1,0
614,5,1
614,7,1
614,8,1
614,9,1
614,55,0
614,121,0
614,141,0
614,142,0
614,143,0
615,1,1
615,5,1
615,7,1
615,8,0
615,9,1
615,55,0
615,121,1
615,141,1
615,142,1
615,143,1
615,164,1
615,165,1
615,166,1
615,167,1
615,168,1
616,1,1
616,5,1
616,7,0
616,8,1
616,9,1
616,55,1
616,121,1
616,141,1
616,142,1
616,143,1
616,164,0
616,165,0
616,166,0
616,167,0
616,168,0
617,1,0
617,5,0
617,7,1
617,8,0
617,9,1
617,55,1
617,121,1
617,141,1
617,142,0
617,143,0
617,164,1
617,165,1
617,166,1
617,167,1
617,168,1
618,1,0
618,5,1
618,7,1
618,8,1
618,9,0
618,55,1
618,121,1
618,141,0
618,142,1
618,143,0
618,164,1
618,165,1
618,166,1
618,167,1
618,168,1
619,1,0
619,5,0
619,7,0
619,8,1
619,9,1
619,55,0
619,121,0
619,141,0
619,142,0
619,143,0
620,1,1
620,5,1
620,7,0
620,8,1
620,9,1
620,55,1
620,121,1
620,141,1
620,142,1
620,143,1
620,164,0
620,165,0
620,166,0
620,167,0
620,168,0
621,1,0
621,5,1
621,7,1
621,8,1
621,9,0
621,55,0
621,121,1
621,141,0
621,142,0
621,143,1
622,1,0
622,5,0
622,7,1
622,8,0
622,9,1
622,55,0
622,121,0
622,141,0
622,142,0
622,143,0
623,1,1
623,5,1
623,7,1
623,8,0
623,9,1
623,55,1
623,121,1
623,141,1
623,142,0
623,143,1
623,164,1
623,165,1
623,166,1
623,167,1
623,168,1
624,5,0
624,7,1
624,8,0
624,9,1
624,127,0
624,144,0
624,145,0
624,146,0
624,147,0
624,148,0
625,5,1
625,7,1
625,8,1
625,9,0
625,127,1
625,144,1
625,145,1
625,146,1
625,147,0
625,148,1
626,5,1
626,7,1
626,8,1
626,9,1
626,127,1
626,144,1
626,145,1
626,146,1
626,147,1
626,148,1
627,5,1
627,7,1
627,8,1
627,9,1
627,127,1
627,144,0
627,145,0
627,146,1
627,147,0
627,148,0
627,164,1
627,165,1
627,166,1
627,167,1
627,168,1
628,5,1
628,7,1
628,8,1
628,9,0
628,127,0
628,144,1
628,145,1
628,146,1
628,147,1
628,148,0
628,164,1
628,165,1
628,166,1
628,167,1
628,168,1
629,5,1
629,7,1
629,8,1
629,9,1
629,127,1
629,144,0
629,145,0
629,146,0
629,147,1
629,148,0
630,5,0
630,7,1
630,8,1
630,9,1
630,127,1
630,144,1
630,145,1
630,146,1
630,147,0
630,148,1
630,164,0
630,165,0
630,166,0
630,167,0
630,168,0
631,5,0
631,7,0
631,8,1
631,9,1
631,127,1
631,144,1
631,145,1
631,146,1
631,147,0
631,148,1
631,164,0
631,165,0
631,166,0
631,167,0
631,168,0
632,5,1
632,7,0
632,8,1
632,9,0
632,127,1
632,144,1
632,145,1
632,146,1
632,147,0
632,148,0
632,164,1
632,165,1
632,166,1
632,167,1
632,168,1
633,5,1
633,7,1
633,8,1
633,9,1
633,127,0
633,144,0
633,145,0
633,146,0
633,147,1
633,148,0
634,5,1
634,7,0
634,8,0
634,9,1
634,127,0
634,144,0
634,145,0
634,146,0
634,147,0
634,148,0
635,5,1
635,7,1
635,8,1
635,9,0
635,127,0
635,144,0
635,145,0
635,146,1
635,147,1
635,148,1
635,164,0
635,165,0
635,166,0
635,167,0
635,168,0
636,5,0
636,7,1
636,8,1
636,9,1
636,127,1
636,144,1
636,145,0
636,146,1
636,147,1
636,148,1
636,164,1
636,165,1
636,166,1
636,167,1
636,168,1
637,5,0
637,7,1
637,8,1
637,9,1
637,127,1
637,144,1
637,145,1
637,146,1
637,147,1
637,148,1
637,164,0
637,165,0
637,166,0
637,167,0
637,168,0
638,5,1
638,7,1
638,8,1
638,9,0
638,127,1
638,144,1
638,145,1
638,146,1
638,147,1
638,148,1
639,5,0
639,7,1
639,8,1
639,9,1
639,127,1
639,144,1
639,145,1
639,146,1
639,147,1
639,148,0
639,164,1
639,165,1
639,166,1
639,167,1
639,168,1
640,5,0
640,7,1
640,8,1
640,9,1
640,127,1
640,144,0
640,145,1
640,146,1
640,147,0
640,148,1
640,164,1
640,165,1
640,166,1
640,167,1
640,168,1
641,5,1
641,7,0
641,8,1
641,9,1
641,127,0
641,144,0
641,145,0
641,146,0
641,147,1
641,148,0
642,5,1
642,7,1
642,8,1
642,9,1
642,127,0
642,144,0
642,145,0
642,146,0
642,147,1
642,148,1
643,5,1
643,7,0
643,8,1
643,9,1
643,127,1
643,144,1
643,145,1
643,146,1
643,147,1
643,148,1
644,5,0
644,7,1
644,8,1
644,9,1
644,30,1
644,67,1
644,144,1
644,149,1
644,150,0
644,151,1
645,5,0
645,7,0
645,8,1
645,9,1
645,30,1
645,67,0
645,144,0
645,149,0
645,150,0
645,151,0
646,5,0
646,7,1
646,8,1
646,9,1
646,30,0
646,67,0
646,144,0
646,149,0
646,150,1
646,151,1
647,5,1
647,7,1
647,8,1
647,9,0
647,30,1
647,67,1
647,144,1
647,149,1
647,150,0
647,151,1
648,5,1
648,7,1
648,8,0
648,9,1
648,30,1
648,67,1
648,144,1
648,149,1
648,150,0
648,151,1
649,5,1
649,7,1
649,8,1
649,9,1
649,30,0
649,67,0
649,144,0
649,149,0
649,150,0
649,151,0
650,5,0
650,7,0
650,8,1
650,9,1
650,30,0
650,67,0
650,144,0
650,149,0
650,150,0
650,151,1
651,5,1
651,7,1
651,8,1
651,9,1
651,30,1
651,67,1
651,144,1
651,149,0
651,150,1
651,151,1
651,164,1
651,165,1
651,166,1
651,167,1
651,168,1
652,5,1
652,7,0
652,8,1
652,9,1
652,30,0
652,67,0
652,144,1
652,149,0
652,150,0
652,151,0
653,5,1
653,7,1
653,8,1
653,9,1
653,30,1
653,67,1
653,144,1
653,149,1
653,150,0
653,151,1
654,5,1
654,7,0
654,8,0
654,9,1
654,30,0
654,67,0
654,144,0
654,149,0
654,150,0
654,151,0
655,5,0
655,7,0
655,8,1
655,9,0
655,30,0
655,67,0
655,144,0
655,149,0
655,150,0
655,151,0
656,5,0
656,7,1
656,8,1
656,9,1
656,30,1
656,67,0
656,144,0
656,149,0
656,150,0
656,151,1
656,164,1
656,165,1
656,166,1
656,167,1
656,168,1
657,5,1
657,7,1
657,8,1
657,9,1
657,30,0
657,67,0
657,144,0
657,149,0
657,150,0
657,151,0
658,5,1
658,7,1
658,8,1
658,9,1
658,30,1
658,67,1
658,144,1
658,149,1
658,150,0
658,151,1
659,5,0
659,7,0
659,8,1
659,9,1
659,30,0
659,67,0
659,144,0
659,149,0
659,150,0
659,151,0
660,5,1
660,7,0
660,8,1
660,9,0
660,30,1
660,67,1
660,144,1
660,149,1
660,150,1
660,151,1
661,5,0
661,7,0
661,8,1
661,9,1
661,30,1
661,67,0
661,144,0
661,149,1
661,150,0
661,151,1
661,164,1
661,165,1
661,166,1
661,167,1
661,168,1
662,5,0
662,7,0
662,8,1
662,9,1
662,30,0
662,67,0
662,144,0
662,149,0
662,150,0
662,151,0
663,5,1
663,7,0
663,8,1
663,9,1
663,30,0
663,67,0
663,144,0
663,149,0
663,150,0
663,151,0
664,5,1
664,7,1
664,8,1
664,9,1
664,123,1
664,152,1
664,153,1
664,154,1
664,155,1
664,156,1
665,5,1
665,7,1
665,8,1
665,9,0
665,123,0
665,152,0
665,153,0
665,154,0
665,155,1
665,156,0
666,5,1
666,7,1
666,8,1
666,9,0
666,123,1
666,152,1
666,153,1
666,154,1
666,155,1
666,156,1
667,5,1
667,7,1
667,8,1
667,9,0
667,123,1
667,152,1
667,153,0
667,154,0
667,155,1
667,156,0
668,5,0
668,7,0
668,8,0
668,9,1
668,123,0
668,152,1
668,153,1
668,154,1
668,155,1
668,156,1
669,5,0
669,7,1
669,8,0
669,9,1
669,123,1
669,152,1
669,153,1
669,154,1
669,155,1
669,156,1
670,5,1
670,7,1
670,8,1
670,9,1
670,123,1
670,152,1
670,153,1
670,154,1
670,155,1
670,156,1
671,5,1
671,7,0
671,8,1
671,9,1
671,123,1
671,152,1
671,153,1
671,154,1
671,155,1
671,156,1
672,5,0
672,7,1
672,8,0
672,9,1
672,123,0
672,152,0
672,153,0
672,154,0
672,155,1
672,156,0
673,5,0
673,7,0
673,8,1
673,9,0
673,123,0
673,152,0
673,153,0
673,154,0
673,155,1
673,156,0
674,5,1
674,7,1
674,8,1
674,9,1
674,123,0
674,152,1
674,153,0
674,154,0
674,155,0
674,156,0
675,5,1
675,7,1
675,8,1
675,9,1
675,123,0
675,152,0
675,153,0
675,154,0
675,155,1
675,156,0
676,5,1
676,7,0
676,8,0
676,9,1
676,123,1
676,152,1
676,153,1
676,154,1
676,155,1
676,156,1
677,5,1
677,7,0
677,8,1
677,9,1
677,123,0
677,152,0
677,153,0
677,154,0
677,155,0
677,156,0
678,5,0
678,7,1
678,8,1
678,9,1
678,123,0
678,152,0
678,153,0
678,154,0
678,155,0
678,156,0
679,5,1
679,7,1
679,8,1
679,9,0
679,123,1
679,152,1
679,153,1
679,154,1
679,155,1
679,156,1
680,5,1
680,7,1
680,8,1
680,9,1
680,123,1
680,152,1
680,153,1
680,154,1
680,155,1
680,156,1
681,5,1
681,7,1
681,8,1
681,9,1
681,123,1
681,152,1
681,153,1
681,154,1
681,155,1
681,156,1
682,5,1
682,7,1
682,8,1
682,9,1
682,123,1
682,152,1
682,153,1
682,154,0
682,155,1
682,156,1
683,5,1
683,7,1
683,8,1
683,9,0
683,123,0
683,152,0
683,153,0
683,154,0
683,155,1
683,156,0
684,1,0
684,5,1
684,7,0
684,8,1
684,9,1
684,46,0
684,82,0
684,118,0
684,157,0
684,158,0
685,1,0
685,5,1
685,7,1
685,8,1
685,9,1
685,46,0
685,82,0
685,118,0
685,157,0
685,158,1
686,1,1
686,5,1
686,7,0
686,8,1
686,9,1
686,46,1
686,82,1
686,118,1
686,157,1
686,158,1
687,1,1
687,5,0
687,7,1
687,8,1
687,9,1
687,46,0
687,82,0
687,118,0
687,157,0
687,158,0
688,1,0
688,5,1
688,7,0
688,8,0
688,9,1
688,46,0
688,82,0
688,118,0
688,157,0
688,158,0
689,3,0
689,8,1
689,9,0
689,15,1
689,46,0
689,120,0
689,121,0
689,122,0
689,123,0
689,124,0
690,3,1
690,8,1
690,9,1
690,15,1
690,46,1
690,120,1
690,121,1
690,122,1
690,123,1
690,124,1
691,3,0
691,8,0
691,9,0
691,15,1
691,46,1
691,120,1
691,121,1
691,122,1
691,123,1
691,124,0
692,3,0
692,8,1
692,9,1
692,15,1
692,46,0
692,120,1
692,121,1
692,122,0
692,123,1
692,124,0
692,164,1
692,165,1
692,166,1
692,167,1
692,168,1
693,3,0
693,8,1
693,9,1
693,15,1
693,46,0
693,120,0
693,121,1
693,122,0
693,123,0
693,124,0
694,3,1
694,8,1
694,9,0
694,15,1
694,46,1
694,120,1
694,121,0
694,122,1
694,123,1
694,124,0
695,3,0
695,8,0
695,9,1
695,15,1
695,46,0
695,120,0
695,121,1
695,122,0
695,123,0
695,124,0
696,3,0
696,8,1
696,9,1
696,15,1
696,46,0
696,120,0
696,121,0
696,122,0
696,123,0
696,124,0
697,3,1
697,8,1
697,9,0
697,15,0
697,46,1
697,120,1
697,121,1
697,122,1
697,123,1
697,124,1
698,3,1
698,8,0
698,9,1
698,15,1
698,46,1
698,120,1
698,121,1
698,122,1
698,123,1
698,124,1
699,3,0
699,8,0
699,9,1
699,15,0
699,46,0
699,120,0
699,121,0
699,122,0
699,123,0
699,124,0
700,3,0
700,8,1
700,9,0
700,15,1
700,46,0
700,120,0
700,121,0
700,122,0
700,123,0
700,124,0
701,3,1
701,8,0
701,9,1
701,15,1
701,46,1
701,120,1
701,121,1
701,122,1
701,123,1
701,124,1
702,3,1
702,8,0
702,9,1
702,15,0
702,46,1
702,120,1
702,121,0
702,122,0
702,123,1
702,124,1
702,164,1
702,165,1
702,166,1
702,167,1
702,168,1
703,3,0
703,8,1
703,9,1
703,15,1
703,46,0
703,120,1
703,121,1
703,122,0
703,123,0
703,124,0
704,3,0
704,8,1
704,9,1
704,15,1
704,46,0
704,120,1
704,121,1
704,122,0
704,123,1
704,124,1
704,164,1
704,165,1
704,166,1
704,167,1
704,168,1
705,3,1
705,8,1
705,9,1
705,15,1
705,46,1
705,120,1
705,121,1
705,122,1
705,123,1
705,124,1
706,3,1
706,8,0
706,9,1
706,15,1
706,46,1
706,120,1
706,121,0
706,122,1
706,123,1
706,124,1
707,3,1
707,8,1
707,9,1
707,15,0
707,46,1
707,120,1
707,121,1
707,122,1
707,123,1
707,124,1
708,1,1
708,5,1
708,7,0
708,8,0
708,9,1
708,14,1
708,100,0
708,125,1
708,126,1
708,127,0
709,1,1
709,5,1
709,7,1
709,8,1
709,9,1
709,14,1
709,100,1
709,125,1
709,126,0
709,127,1
710,1,1
710,5,1
710,8,1
710,14,1
710,32,1
710,55,1
710,67,1
710,88,1
710,89,1
710,90,1
711,1,1
711,5,1
711,8,1
711,14,1
711,32,1
711,55,1
711,67,1
711,88,1
711,89,1
711,90,1
712,1,1
712,5,1
712,8,1
712,14,1
712,32,1
712,55,1
712,67,1
712,88,1
712,89,1
712,90,1
713,1,0
713,5,1
713,8,1
713,14,0
713,32,0
713,55,0
713,67,0
713,88,0
713,89,0
713,90,0
714,1,1
714,5,0
714,8,1
714,14,1
714,32,1
714,55,1
714,67,1
714,88,1
714,89,0
714,90,1
715,1,0
715,5,0
715,8,1
715,14,0
715,32,0
715,55,0
715,67,0
715,88,0
715,89,0
715,90,0
716,1,0
716,5,0
716,8,1
716,14,0
716,32,1
716,55,1
716,67,0
716,88,0
716,89,1
716,90,1
716,164,1
716,165,1
716,166,1
716,167,1
716,168,1
717,1,0
717,5,1
717,8,1
717,14,0
717,32,1
717,55,0
717,67,1
717,88,1
717,89,0
717,90,0
718,1,1
718,5,0
718,8,1
718,14,1
718,32,1
718,55,1
718,67,0
718,88,1
718,89,0
718,90,1
718,164,1
718,165,1
718,166,1
718,167,1
718,168,1
719,1,1
719,5,1
719,8,1
719,14,1
719,32,1
719,55,1
719,67,1
719,88,1
719,89,1
719,90,1
720,1,1
720,5,0
720,8,1
720,14,1
720,32,1
720,55,1
720,67,1
720,88,1
720,89,1
720,90,1
721,1,0
721,5,0
721,8,1
721,14,0
721,32,0
721,55,0
721,67,0
721,88,0
721,89,0
721,90,0
722,1,1
722,5,0
722,8,0
722,14,1
722,32,1
722,55,1
722,67,1
722,88,1
722,89,1
722,90,1
723,1,1
723,5,1
723,8,1
723,14,1
723,32,1
723,55,1
723,67,1
723,88,1
723,89,1
723,90,1
724,1,0
724,5,0
724,8,1
724,14,0
724,32,0
724,55,1
724,67,0
724,88,1
724,89,1
724,90,1
724,164,1
724,165,1
724,166,1
724,167,1
724,168,1
725,3,0
725,5,1
725,6,0
725,7,1
725,8,1
725,9,1
725,44,0
725,159,0
725,160,0
725,161,0
726,3,1
726,5,0
726,6,1
726,7,1
726,8,1
726,9,1
726,44,1
726,159,0
726,160,1
726,161,0
726,164,1
726,165,1
726,166,1
726,167,1
726,168,1
727,3,1
727,5,1
727,6,1
727,7,1
727,8,1
727,9,1
727,44,1
727,159,1
727,160,1
727,161,1
728,3,0
728,5,0
728,6,0
728,7,1
728,8,1
728,9,0
728,44,0
728,159,0
728,160,0
728,161,0
729,3,1
729,5,1
729,6,1
729,7,1
729,8,1
729,9,1
729,44,1
729,159,1
729,160,1
729,161,1
730,3,1
730,5,1
730,6,1
730,7,1
730,8,1
730,9,1
730,44,1
730,159,1
730,160,1
730,161,1
731,3,1
731,5,1
731,6,1
731,7,1
731,8,1
731,9,1
731,44,1
731,159,1
731,160,0
731,161,1
732,3,1
732,5,1
732,6,1
732,7,1
732,8,0
732,9,0
732,44,1
732,159,1
732,160,1
732,161,1
733,3,0
733,5,1
733,6,0
733,7,1
733,8,1
733,9,1
733,44,0
733,159,0
733,160,0
733,161,0
734,3,0
734,5,1
734,6,1
734,7,1
734,8,1
734,9,1
734,44,0
734,159,0
734,160,0
734,161,0
735,3,1
735,5,1
735,6,1
735,7,1
735,8,1
735,9,1
735,44,1
735,159,1
735,160,0
735,161,1
736,3,0
736,5,1
736,6,0
736,7,1
736,8,0
736,9,1
736,44,0
736,159,0
736,160,0
736,161,0
737,3,0
737,5,1
737,6,0
737,7,0
737,8,1
737,9,1
737,44,0
737,159,0
737,160,0
737,161,0
738,3,1
738,5,1
738,6,1
738,7,1
738,8,1
738,9,1
738,44,1
738,159,1
738,160,1
738,161,1
739,3,0
739,5,0
739,6,0
739,7,1
739,8,0
739,9,0
739,44,0
739,159,0
739,160,0
739,161,0
740,3,0
740,5,0
740,6,0
740,7,1
740,8,1
740,9,1
740,44,0
740,159,0
740,160,0
740,161,0
741,3,0
741,5,1
741,6,0
741,7,1
741,8,1
741,9,0
741,44,1
741,159,0
741,160,0
741,161,1
742,3,1
742,5,1
742,6,1
742,7,1
742,8,1
742,9,0
742,44,1
742,159,0
742,160,1
742,161,1
743,3,1
743,5,1
743,6,1
743,7,0
743,8,0
743,9,1
743,44,1
743,159,1
743,160,1
743,161,1
744,3,0
744,5,1
744,6,0
744,7,1
744,8,1
744,9,1
744,44,0
744,159,0
744,160,0
744,161,0
745,1,0
745,8,1
745,9,1
745,11,0
745,41,0
745,50,0
745,124,0
745,161,0
745,162,0
745,163,0
746,1,0
746,8,1
746,9,1
746,11,0
746,41,0
746,50,0
746,124,0
746,161,0
746,162,0
746,163,0
747,1,1
747,8,1
747,9,1
747,11,0
747,41,1
747,50,1
747,124,1
747,161,1
747,162,1
747,163,1
748,1,1
748,8,1
748,9,1
748,11,1
748,41,1
748,50,0
748,124,1
748,161,1
748,162,1
748,163,1
749,1,1
749,8,1
749,9,1
749,11,1
749,41,1
749,50,1
749,124,1
749,161,1
749,162,1
749,163,1
750,1,0
750,8,1
750,9,1
750,11,0
750,41,0
750,50,0
750,124,0
750,161,0
750,162,0
750,163,0
751,1,1
751,8,1
751,9,1
751,11,1
751,41,1
751,50,0
751,124,0
751,161,1
751,162,1
751,163,1
752,1,1
752,8,1
752,9,1
752,11,1
752,41,0
752,50,0
752,124,1
752,161,1
752,162,1
752,163,0
752,164,1
752,165,1
752,166,1
752,167,1
752,168,1
753,1,1
753,8,1
753,9,0
753,11,1
753,41,1
753,50,1
753,124,1
753,161,1
753,162,1
753,163,1
754,1,0
754,8,1
754,9,1
754,11,0
754,41,0
754,50,1
754,124,0
754,161,0
754,162,1
754,163,0
755,1,1
755,8,1
755,9,1
755,11,1
755,41,1
755,50,1
755,124,1
755,161,1
755,162,1
755,163,1
756,1,1
756,8,1
756,9,1
756,11,0
756,41,0
756,50,0
756,124,1
756,161,0
756,162,0
756,163,0
757,1,0
757,8,1
757,9,1
757,11,0
757,41,0
757,50,1
757,124,0
757,161,1
757,162,1
757,163,1
757,164,1
757,165,1
757,166,1
757,167,1
757,168,1
758,1,1
758,8,1
758,9,1
758,11,0
758,41,0
758,50,0
758,124,0
758,161,0
758,162,0
758,163,1
759,1,0
759,8,1
759,9,1
759,11,0
759,41,0
759,50,0
759,124,0
759,161,0
759,162,0
759,163,0
760,1,1
760,8,1
760,9,1
760,11,0
760,41,1
760,50,0
760,124,1
760,161,1
760,162,1
760,163,1
761,1,0
761,8,1
761,9,1
761,11,1
761,41,0
761,50,0
761,124,1
761,161,0
761,162,0
761,163,0
762,1,0
762,8,1
762,9,0
762,11,0
762,41,0
762,50,0
762,124,0
762,161,0
762,162,0
762,163,0
763,1,1
763,8,1
763,9,1
763,11,0
763,41,1
763,50,1
763,124,1
763,161,1
763,162,1
763,163,1
764,1,0
764,8,1
764,9,1
764,11,0
764,41,0
764,50,0
764,124,0
764,161,1
764,162,0
764,163,0
765,1,0
765,5,1
765,7,1
765,8,1
765,9,1
765,15,0
765,85,0
765,91,0
765,92,0
765,93,0
766,1,0
766,5,0
766,7,1
766,8,1
766,9,1
766,15,1
766,85,0
766,91,0
766,92,0
766,93,0
767,1,0
767,5,1
767,7,1
767,8,1
767,9,0
767,15,1
767,85,0
767,91,0
767,92,0
767,93,0
768,1,1
768,5,0
768,7,1
768,8,0
768,9,1
768,15,0
768,85,1
768,91,0
768,92,1
768,93,0
768,164,1
768,165,1
768,166,1
768,167,1
768,168,1
769,1,1
769,5,1
769,7,1
769,8,1
769,9,1
769,15,0
769,85,1
769,91,0
769,92,0
769,93,1
769,164,1
769,165,1
769,166,1
769,167,1
769,168,1
770,1,1
770,5,1
770,7,1
770,8,1
770,9,1
770,15,1
770,85,1
770,91,1
770,92,1
770,93,1
771,1,0
771,5,0
771,7,1
771,8,1
771,9,1
771,46,0
771,82,0
771,118,0
771,157,0
771,158,0
772,1,1
772,5,0
772,7,1
772,8,1
772,9,1
772,46,0
772,82,0
772,118,0
772,157,1
772,158,0
773,1,1
773,5,0
773,7,0
773,8,1
773,9,1
773,46,1
773,82,1
773,118,1
773,157,1
773,158,1
774,1,1
774,5,1
774,7,1
774,8,1
774,9,1
774,46,1
774,82,1
774,118,1
774,157,1
774,158,1
775,1,0
775,5,0
775,7,1
775,8,1
775,9,1
775,46,0
775,82,0
775,118,0
775,157,0
775,158,1
776,1,0
776,5,1
776,7,1
776,8,1
776,9,1
776,46,0
776,82,0
776,118,0
776,157,0
776,158,0
777,1,0
777,5,1
777,7,1
777,8,1
777,9,1
777,46,0
777,82,0
777,118,0
777,157,0
777,158,0
778,1,1
778,5,1
778,7,1
778,8,1
778,9,1
778,46,1
778,82,1
778,118,1
778,157,1
778,158,1
779,1,0
779,5,1
779,7,1
779,8,0
779,9,1
779,46,0
779,82,0
779,118,0
779,157,0
779,158,0
780,1,0
780,5,1
780,7,1
780,8,1
780,9,1
780,46,0
780,82,0
780,118,0
780,157,0
780,158,0
781,1,0
781,5,0
781,7,1
781,8,1
781,9,1
781,46,0
781,82,1
781,118,0
781,157,0
781,158,0
782,1,1
782,5,1
782,7,0
782,8,1
782,9,1
782,46,1
782,82,1
782,118,1
782,157,1
782,158,1
783,1,0
783,5,1
783,7,0
783,8,1
783,9,1
783,46,0
783,82,0
783,118,0
783,157,0
783,158,0
784,1,1
784,5,1
784,7,1
784,8,1
784,9,1
784,46,1
784,82,1
784,118,1
784,157,1
784,158,1
785,1,0
785,5,1
785,7,0
785,8,1
785,9,1
785,46,0
785,82,0
785,118,0
785,157,0
785,158,0
786,5,0
786,7,0
786,8,1
786,9,1
786,13,0
786,99,1
786,123,1
786,138,1
786,139,0
786,140,1
786,164,1
786,165,1
786,166,1
786,167,1
786,168,1
787,5,1
787,7,1
787,8,0
787,9,1
787,13,0
787,99,0
787,123,0
787,138,0
787,139,0
787,140,0
788,5,1
788,7,0
788,8,1
788,9,1
788,13,0
788,99,0
788,123,1
788,138,1
788,139,1
788,140,1
788,164,1
788,165,1
788,166,1
788,167,1
788,168,1
789,5,0
789,7,1
789,8,1
789,9,1
789,13,1
789,99,0
789,123,0
789,138,0
789,139,0
789,140,0
790,5,1
790,7,1
790,8,0
790,9,0
790,13,0
790,99,0
790,123,0
790,138,0
790,139,0
790,140,0
791,5,0
791,7,1
791,8,1
791,9,1
791,13,0
791,99,0
791,123,1
791,138,0
791,139,0
791,140,1
791,164,1
791,165,1
791,166,1
791,167,1
791,168,1
792,1,1
792,5,1
792,7,1
792,8,1
792,9,1
792,55,0
792,121,1
792,141,0
792,142,1
792,143,1
792,164,1
792,165,1
792,166,1
792,167,1
792,168,1
793,1,1
793,5,1
793,7,0
793,8,1
793,9,1
793,55,1
793,121,1
793,141,1
793,142,1
793,143,1
793,164,0
793,165,0
793,166,0
793,167,0
793,168,0
794,1,0
794,5,0
794,7,1
794,8,1
794,9,0
794,55,1
794,121,0
794,141,1
794,142,0
794,143,0
795,1,0
795,5,1
795,7,1
795,8,1
795,9,1
795,55,1
795,121,1
795,141,0
795,142,0
795,143,0
796,1,0
796,5,0
796,7,1
796,8,1
796,9,1
796,55,0
796,121,0
796,141,0
796,142,0
796,143,0
797,1,1
797,5,1
797,7,0
797,8,0
797,9,0
797,55,1
797,121,1
797,141,1
797,142,1
797,143,1
797,164,0
797,165,0
797,166,0
797,167,0
797,168,0
798,1,0
798,5,0
798,7,1
798,8,1
798,9,1
798,55,0
798,121,0
798,141,0
798,142,0
798,143,0
799,1,1
799,5,1
799,7,1
799,8,1
799,9,0
799,55,1
799,121,1
799,141,1
799,142,1
799,143,1
799,164,0
799,165,0
799,166,0
799,167,0
799,168,0
